-- phpMyAdmin SQL Dump
-- version 5.0.2
-- https://www.phpmyadmin.net/
--
-- Host: localhost
-- Generation Time: Oct 13, 2020 at 02:59 AM
-- Server version: 10.4.13-MariaDB
-- PHP Version: 7.4.8

SET SQL_MODE = "NO_AUTO_VALUE_ON_ZERO";
START TRANSACTION;
SET time_zone = "+00:00";


/*!40101 SET @OLD_CHARACTER_SET_CLIENT=@@CHARACTER_SET_CLIENT */;
/*!40101 SET @OLD_CHARACTER_SET_RESULTS=@@CHARACTER_SET_RESULTS */;
/*!40101 SET @OLD_COLLATION_CONNECTION=@@COLLATION_CONNECTION */;
/*!40101 SET NAMES utf8mb4 */;

--
-- Database: `apiapp`
--

-- --------------------------------------------------------

--
-- Table structure for table `failed_jobs`
--

CREATE TABLE `failed_jobs` (
  `id` bigint(20) UNSIGNED NOT NULL,
  `uuid` varchar(255) COLLATE utf8mb4_unicode_ci NOT NULL,
  `connection` text COLLATE utf8mb4_unicode_ci NOT NULL,
  `queue` text COLLATE utf8mb4_unicode_ci NOT NULL,
  `payload` longtext COLLATE utf8mb4_unicode_ci NOT NULL,
  `exception` longtext COLLATE utf8mb4_unicode_ci NOT NULL,
  `failed_at` timestamp NOT NULL DEFAULT current_timestamp()
) ENGINE=InnoDB DEFAULT CHARSET=utf8mb4 COLLATE=utf8mb4_unicode_ci;

-- --------------------------------------------------------

--
-- Table structure for table `migrations`
--

CREATE TABLE `migrations` (
  `id` int(10) UNSIGNED NOT NULL,
  `migration` varchar(255) COLLATE utf8mb4_unicode_ci NOT NULL,
  `batch` int(11) NOT NULL
) ENGINE=InnoDB DEFAULT CHARSET=utf8mb4 COLLATE=utf8mb4_unicode_ci;

--
-- Dumping data for table `migrations`
--

INSERT INTO `migrations` (`id`, `migration`, `batch`) VALUES
(1, '2014_10_12_000000_create_users_table', 1),
(2, '2014_10_12_100000_create_password_resets_table', 1),
(3, '2019_08_19_000000_create_failed_jobs_table', 1),
(4, '2020_10_12_022918_create_products_table', 1),
(5, '2020_10_12_022951_create_reviews_table', 1);

-- --------------------------------------------------------

--
-- Table structure for table `password_resets`
--

CREATE TABLE `password_resets` (
  `email` varchar(255) COLLATE utf8mb4_unicode_ci NOT NULL,
  `token` varchar(255) COLLATE utf8mb4_unicode_ci NOT NULL,
  `created_at` timestamp NULL DEFAULT NULL
) ENGINE=InnoDB DEFAULT CHARSET=utf8mb4 COLLATE=utf8mb4_unicode_ci;

-- --------------------------------------------------------

--
-- Table structure for table `products`
--

CREATE TABLE `products` (
  `id` int(10) UNSIGNED NOT NULL,
  `name` varchar(255) COLLATE utf8mb4_unicode_ci NOT NULL,
  `detail` text COLLATE utf8mb4_unicode_ci NOT NULL,
  `price` int(11) NOT NULL,
  `stock` int(11) NOT NULL,
  `discount` int(11) NOT NULL,
  `created_at` timestamp NULL DEFAULT NULL,
  `updated_at` timestamp NULL DEFAULT NULL
) ENGINE=InnoDB DEFAULT CHARSET=utf8mb4 COLLATE=utf8mb4_unicode_ci;

--
-- Dumping data for table `products`
--

INSERT INTO `products` (`id`, `name`, `detail`, `price`, `stock`, `discount`, `created_at`, `updated_at`) VALUES
(101, 'quis', 'Nihil ut nihil vel eos. Quia est quia facilis.', 300, 8, 13, '2020-10-12 22:55:46', '2020-10-12 22:55:46'),
(102, 'non', 'Earum voluptates et eum soluta sit autem similique. Repellat provident illo recusandae hic. Unde cupiditate in excepturi.', 713, 8, 23, '2020-10-12 22:55:46', '2020-10-12 22:55:46'),
(103, 'dicta', 'Voluptatem eum laboriosam eum nihil nisi quia. Aut et corrupti deserunt voluptas quaerat. Sed repellat adipisci sed sapiente minima.', 879, 2, 30, '2020-10-12 22:55:46', '2020-10-12 22:55:46'),
(104, 'sunt', 'Tenetur et modi aut quo iusto et cumque consequatur. Quis veritatis earum porro aut nemo esse. Hic itaque doloremque ad nobis voluptatem quis ipsam asperiores.', 364, 0, 22, '2020-10-12 22:55:46', '2020-10-12 22:55:46'),
(105, 'nesciunt', 'Omnis ut eos assumenda repellat molestiae. Nostrum et qui ratione in nihil molestiae. Quam dolor corporis rerum voluptatem odio earum.', 969, 9, 27, '2020-10-12 22:55:47', '2020-10-12 22:55:47'),
(106, 'qui', 'Amet nobis molestiae natus et est. In et qui alias qui veniam nihil occaecati sit. Mollitia consequatur est sit deleniti velit. Itaque quisquam et nisi qui. Qui nostrum omnis magni tempore voluptas.', 175, 5, 15, '2020-10-12 22:55:47', '2020-10-12 22:55:47'),
(107, 'est', 'Aut libero voluptatem nemo aspernatur at. Molestias provident itaque veniam rerum possimus enim sed. Nihil voluptatem accusamus voluptatem impedit quia.', 680, 3, 26, '2020-10-12 22:55:47', '2020-10-12 22:55:47'),
(108, 'est', 'Quas deleniti quidem quia. Autem vel voluptatem ipsum. Eos qui totam quia quaerat non doloremque eum. Autem quis nihil sunt nam sit amet.', 895, 4, 19, '2020-10-12 22:55:47', '2020-10-12 22:55:47'),
(109, 'consequatur', 'At illo natus exercitationem aperiam ut maxime. Enim ut minus minima labore eum nobis. Doloremque sed facilis aut alias cumque non ea.', 737, 9, 6, '2020-10-12 22:55:47', '2020-10-12 22:55:47'),
(110, 'accusamus', 'Ut aspernatur ut eaque quis est. Quia autem quasi nesciunt enim odit officiis. Distinctio dolor quidem delectus. Quo ut nulla inventore harum rerum. Praesentium tempora nulla fugiat non ut enim.', 626, 5, 13, '2020-10-12 22:55:47', '2020-10-12 22:55:47'),
(111, 'et', 'Laborum qui qui provident rerum asperiores. Dolor quia tempore quidem et. Ratione aut commodi qui perferendis reprehenderit eum explicabo. Rem quidem consequatur et.', 460, 0, 11, '2020-10-12 22:55:47', '2020-10-12 22:55:47'),
(112, 'maiores', 'Aut ut saepe fugit sit veniam et cupiditate. Corporis accusantium laboriosam quia aut. Perferendis est minima dignissimos laboriosam magnam architecto aliquid. Aut earum inventore rerum quibusdam.', 873, 6, 29, '2020-10-12 22:55:47', '2020-10-12 22:55:47'),
(113, 'optio', 'Quae blanditiis id quod explicabo tempora quia et. Sequi et dignissimos aut qui inventore error. Est dolores quibusdam autem natus non.', 311, 9, 5, '2020-10-12 22:55:47', '2020-10-12 22:55:47'),
(114, 'quasi', 'Quo perspiciatis ducimus voluptas accusantium sequi dicta. Sint quisquam ipsam quod impedit voluptas quia rerum. Et eveniet molestias perferendis rerum animi consequatur.', 961, 1, 13, '2020-10-12 22:55:47', '2020-10-12 22:55:47'),
(115, 'rerum', 'Sequi exercitationem error perferendis placeat non suscipit necessitatibus dolores. Consequatur iste reiciendis labore ducimus. Suscipit praesentium et quaerat est tempore vitae consequatur.', 761, 4, 20, '2020-10-12 22:55:47', '2020-10-12 22:55:47'),
(116, 'quis', 'Enim velit sit et tenetur ipsum veniam dolorem adipisci. Dolorem illo atque ut nihil maiores. Nisi est nesciunt eos nostrum aspernatur at. Pariatur vero modi dolorem iure ut cumque.', 961, 3, 19, '2020-10-12 22:55:47', '2020-10-12 22:55:47'),
(117, 'dolores', 'Rerum provident voluptatum delectus occaecati enim eos suscipit. Nemo veritatis provident quasi. Reiciendis quos molestias dicta est reprehenderit laudantium. Excepturi a aut ipsum dolorem iusto.', 909, 5, 15, '2020-10-12 22:55:48', '2020-10-12 22:55:48'),
(118, 'qui', 'Facere mollitia non quidem maiores. Quis sint blanditiis impedit ea. Corrupti iste numquam laudantium similique sed natus quos alias.', 808, 9, 28, '2020-10-12 22:55:48', '2020-10-12 22:55:48'),
(119, 'impedit', 'Quas veritatis voluptates minima quo eos. Omnis et aspernatur possimus molestiae tempore illum. Et labore aspernatur ex animi qui porro similique. Nesciunt et possimus cum iste enim.', 985, 8, 5, '2020-10-12 22:55:48', '2020-10-12 22:55:48'),
(120, 'est', 'Adipisci dolor quia eaque aut. Molestias est a omnis et. Qui reiciendis mollitia voluptas.', 211, 7, 3, '2020-10-12 22:55:48', '2020-10-12 22:55:48'),
(121, 'assumenda', 'Magni velit fugit officia et ea commodi dolorum. Dolor doloremque nobis doloremque in. Quam dolor nemo ut reprehenderit sint.', 142, 3, 15, '2020-10-12 22:55:48', '2020-10-12 22:55:48'),
(122, 'ad', 'Animi accusantium blanditiis est cupiditate consequatur aut cum. Velit architecto sed error consequatur totam beatae rem ipsam. Soluta aut illum quo hic.', 886, 3, 27, '2020-10-12 22:55:48', '2020-10-12 22:55:48'),
(123, 'esse', 'Nam aliquid voluptates nemo officiis repellendus. Eum esse non et dolore dolores nostrum nemo. Eum labore labore voluptas et soluta. Assumenda quibusdam libero est ut aliquam cumque qui.', 469, 0, 7, '2020-10-12 22:55:48', '2020-10-12 22:55:48'),
(124, 'est', 'Qui aliquid magni quidem nostrum. Minus itaque cum necessitatibus aut et veniam. Maiores iure voluptatem laudantium ut ea.', 295, 2, 12, '2020-10-12 22:55:48', '2020-10-12 22:55:48'),
(125, 'quia', 'Facilis fugiat officia hic quisquam. Sunt quas optio dolorem quia voluptas quia.', 617, 6, 30, '2020-10-12 22:55:48', '2020-10-12 22:55:48'),
(126, 'repellendus', 'Iure tempora nihil et quis ab distinctio cumque. Harum fugiat rerum est ad. Nemo quis labore suscipit commodi vel consectetur veritatis.', 198, 9, 30, '2020-10-12 22:55:48', '2020-10-12 22:55:48'),
(127, 'autem', 'Corrupti culpa harum voluptatem sed at. Fuga omnis voluptate dignissimos et ea fugiat. Unde perferendis minus error debitis quisquam temporibus fugiat. Qui natus voluptatem consequatur quaerat et.', 430, 3, 18, '2020-10-12 22:55:48', '2020-10-12 22:55:48'),
(128, 'ex', 'Aut quia quam harum temporibus. Adipisci dignissimos ab dolore saepe quia reprehenderit. Perspiciatis et molestias iure non aut delectus. Quibusdam nisi et voluptatibus deleniti.', 659, 1, 22, '2020-10-12 22:55:48', '2020-10-12 22:55:48'),
(129, 'qui', 'Aut quibusdam dolor ea ducimus. Quo fugiat reiciendis ut voluptate quis. Beatae cum porro consequuntur fuga omnis. Facere molestias non quaerat saepe distinctio itaque magni.', 905, 0, 19, '2020-10-12 22:55:48', '2020-10-12 22:55:48'),
(130, 'rerum', 'Officiis sed maxime praesentium nesciunt. Dolor et quis aut dolorem aperiam nemo. Harum quia blanditiis voluptatem aliquid quia aperiam.', 171, 8, 16, '2020-10-12 22:55:48', '2020-10-12 22:55:48'),
(131, 'quibusdam', 'Asperiores itaque ut ut quos pariatur at. Est distinctio tempore architecto quae distinctio. Eum laborum ipsa qui aliquam et asperiores.', 484, 7, 18, '2020-10-12 22:55:48', '2020-10-12 22:55:48'),
(132, 'quis', 'Laborum sapiente vel hic quia. Facilis velit nobis dolorem hic dicta ad. Exercitationem dolor blanditiis officia.', 958, 5, 8, '2020-10-12 22:55:48', '2020-10-12 22:55:48'),
(133, 'aliquam', 'Sed cumque nobis est aut. In omnis sunt sapiente iure fugiat. Sapiente molestiae asperiores soluta id. Officia asperiores beatae aut sequi neque et. Ipsam officia eos ut sequi.', 846, 5, 22, '2020-10-12 22:55:49', '2020-10-12 22:55:49'),
(134, 'ea', 'Impedit omnis qui dolore mollitia ea. Qui architecto error eum quas.', 432, 7, 3, '2020-10-12 22:55:49', '2020-10-12 22:55:49'),
(135, 'rerum', 'Aut cumque illum explicabo nesciunt nobis. Error ipsa velit assumenda quibusdam. Quia ad iure ea eius sit ratione ea. Tempore inventore architecto qui.', 696, 6, 7, '2020-10-12 22:55:49', '2020-10-12 22:55:49'),
(136, 'et', 'Nisi dolore ex ullam voluptas. Impedit explicabo qui esse quae. Dolor consequuntur id vitae similique saepe voluptas.', 921, 7, 25, '2020-10-12 22:55:49', '2020-10-12 22:55:49'),
(137, 'qui', 'Nihil mollitia debitis velit unde consectetur. Autem fugiat consectetur autem debitis. Nobis odio architecto eius et sed facilis tenetur.', 975, 2, 2, '2020-10-12 22:55:49', '2020-10-12 22:55:49'),
(138, 'minima', 'Consequatur at rerum atque aut provident. Et eum eaque rerum molestias. Reiciendis alias ab odit voluptatem sapiente rerum est et. Voluptatem atque rerum natus delectus et accusantium est esse.', 751, 2, 13, '2020-10-12 22:55:49', '2020-10-12 22:55:49'),
(139, 'debitis', 'Nostrum suscipit sunt aliquam. Minus perspiciatis incidunt qui. Expedita dolorem aut id voluptas blanditiis tempore. Doloribus illum nisi eos et nihil pariatur voluptatibus.', 978, 0, 10, '2020-10-12 22:55:49', '2020-10-12 22:55:49'),
(140, 'libero', 'Qui eum quo id optio consequuntur. Sed et dignissimos a voluptatem. Omnis quos non voluptas et. Laudantium est quae possimus et et. Et ab veritatis fugit non quidem.', 143, 0, 12, '2020-10-12 22:55:49', '2020-10-12 22:55:49'),
(141, 'in', 'Sed beatae officiis ut natus. Delectus sint eos atque ratione non. Aliquid repellendus consequuntur ipsum rerum et assumenda nihil.', 853, 6, 25, '2020-10-12 22:55:49', '2020-10-12 22:55:49'),
(142, 'ut', 'Porro animi voluptas perspiciatis libero qui voluptas minus. Explicabo est tempore accusamus sapiente porro ut ut. Reiciendis aut veritatis velit.', 398, 5, 24, '2020-10-12 22:55:49', '2020-10-12 22:55:49'),
(143, 'voluptatem', 'Eius corporis minus cupiditate aut odio blanditiis. Minima quam id laborum quo. Autem cum voluptatem autem earum. Veniam consectetur natus cumque quia amet quo.', 123, 0, 16, '2020-10-12 22:55:49', '2020-10-12 22:55:49'),
(144, 'aliquam', 'Asperiores necessitatibus quisquam voluptate praesentium. Similique quo doloribus adipisci rerum.', 294, 1, 28, '2020-10-12 22:55:50', '2020-10-12 22:55:50'),
(145, 'modi', 'Aut id quia molestias in. Omnis doloremque dolorem fuga. Nihil ipsa perspiciatis animi. Aut deserunt aut beatae. Ex eos quibusdam excepturi blanditiis.', 812, 3, 27, '2020-10-12 22:55:50', '2020-10-12 22:55:50'),
(146, 'qui', 'Consequatur provident non et qui nemo at. Aliquam optio ad excepturi sit quia soluta temporibus rem. In voluptatum voluptates aut. Hic tempora perferendis quasi sequi occaecati maiores.', 204, 5, 5, '2020-10-12 22:55:50', '2020-10-12 22:55:50'),
(147, 'quisquam', 'Eius debitis expedita repudiandae illo et qui natus. Et perferendis omnis libero odit sit iure id. Nihil rerum eos necessitatibus consequatur impedit esse est.', 301, 6, 2, '2020-10-12 22:55:50', '2020-10-12 22:55:50'),
(148, 'totam', 'Vero magnam possimus debitis est ut. Nisi omnis dolorem autem laborum quis at dolor assumenda. In quia rerum assumenda voluptatum voluptas voluptatem id.', 505, 4, 29, '2020-10-12 22:55:50', '2020-10-12 22:55:50'),
(149, 'natus', 'Deleniti aliquid in consectetur ut consectetur labore. Fugiat delectus cum necessitatibus cumque. Vel nihil iusto amet ut velit dolor illum. Iure eos error ut vel.', 442, 6, 15, '2020-10-12 22:55:50', '2020-10-12 22:55:50'),
(150, 'est', 'Quasi voluptas officia blanditiis asperiores veniam voluptatem et. Officiis harum numquam et modi cumque. Excepturi inventore distinctio fuga aut.', 244, 7, 4, '2020-10-12 22:55:50', '2020-10-12 22:55:50');

-- --------------------------------------------------------

--
-- Table structure for table `reviews`
--

CREATE TABLE `reviews` (
  `id` int(10) UNSIGNED NOT NULL,
  `product_id` int(10) UNSIGNED NOT NULL,
  `customer` varchar(255) COLLATE utf8mb4_unicode_ci NOT NULL,
  `review` text COLLATE utf8mb4_unicode_ci NOT NULL,
  `star` int(11) NOT NULL,
  `created_at` timestamp NULL DEFAULT NULL,
  `updated_at` timestamp NULL DEFAULT NULL
) ENGINE=InnoDB DEFAULT CHARSET=utf8mb4 COLLATE=utf8mb4_unicode_ci;

--
-- Dumping data for table `reviews`
--

INSERT INTO `reviews` (`id`, `product_id`, `customer`, `review`, `star`, `created_at`, `updated_at`) VALUES
(301, 120, 'Jarrett Schmidt', 'Blanditiis ab qui eum cum beatae in molestias nulla. Sed maiores adipisci excepturi esse. Necessitatibus itaque quia error sed rerum nisi voluptas.', 0, '2020-10-12 22:55:51', '2020-10-12 22:55:51'),
(302, 134, 'Prof. Verner Dooley IV', 'Cum qui placeat hic nemo. Blanditiis rerum accusantium facilis rem non. Qui fuga veniam error pariatur. Temporibus omnis atque pariatur repellendus. Ratione quo quaerat maiores corporis non sapiente.', 1, '2020-10-12 22:55:51', '2020-10-12 22:55:51'),
(303, 146, 'Dr. Judson Kuhn V', 'Iste a voluptatibus et beatae quidem. Ut nihil consequatur quis ea sequi esse. Asperiores distinctio non voluptas quo voluptas animi. Qui accusantium facilis vel.', 4, '2020-10-12 22:55:51', '2020-10-12 22:55:51'),
(304, 150, 'Gwendolyn Green', 'Sit qui sed neque ducimus non et. Quae voluptatibus voluptatem non consequatur ut maxime nemo facilis. Nihil accusamus cupiditate voluptatem.', 5, '2020-10-12 22:55:51', '2020-10-12 22:55:51'),
(305, 139, 'Trycia Ledner', 'Doloribus commodi facilis voluptas velit quia. In ipsa cum veritatis itaque enim non. Natus provident nihil repellat modi adipisci sit distinctio. Fuga dolore ipsum a perspiciatis aliquid.', 5, '2020-10-12 22:55:51', '2020-10-12 22:55:51'),
(306, 147, 'Ruth Ziemann', 'Perferendis eum doloribus repudiandae dicta. Ratione non laborum qui exercitationem. Est itaque nesciunt quisquam consequatur ipsa ea. Similique quam illo cum in dolor mollitia illo.', 5, '2020-10-12 22:55:51', '2020-10-12 22:55:51'),
(307, 145, 'Dr. Kasey Legros DDS', 'Officia soluta nisi laboriosam illum. Voluptatem tempora culpa possimus vel. Vel et ipsa adipisci quia aliquam.', 4, '2020-10-12 22:55:51', '2020-10-12 22:55:51'),
(308, 125, 'Eliseo Bailey', 'Saepe aliquid nesciunt facilis aut aliquid et soluta. Modi in aut eum eum sit et expedita sunt. Qui dolor quos voluptatem magnam minima ut.', 0, '2020-10-12 22:55:51', '2020-10-12 22:55:51'),
(309, 145, 'Prof. Bart Mitchell DDS', 'Molestiae reiciendis facere necessitatibus sit dolores quisquam voluptate placeat. Reprehenderit magnam aut quis. Enim aut quod repellendus. Ut autem commodi delectus quisquam.', 0, '2020-10-12 22:55:51', '2020-10-12 22:55:51'),
(310, 121, 'Prof. Brett Harber', 'Ea quisquam reiciendis totam vel dolorem. Ipsam quia natus odit natus qui. Voluptatem ipsam voluptas quis reprehenderit quod. Aut ea impedit molestias adipisci provident aperiam.', 3, '2020-10-12 22:55:51', '2020-10-12 22:55:51'),
(311, 141, 'Dusty Rutherford II', 'Non quidem provident porro vitae. Ad architecto ex fuga suscipit enim autem. In voluptate qui esse odit recusandae vitae doloribus. Consectetur id corrupti vel pariatur fugit possimus qui hic.', 5, '2020-10-12 22:55:51', '2020-10-12 22:55:51'),
(312, 116, 'Andres McGlynn Jr.', 'Incidunt et aut quae voluptate. Magnam quo est et ipsam assumenda minus inventore. A eaque eius nihil accusantium doloremque et ut earum. Ipsam sed corporis vero reprehenderit quo libero voluptate.', 3, '2020-10-12 22:55:51', '2020-10-12 22:55:51'),
(313, 147, 'Prof. Lulu McCullough', 'Incidunt repellat qui molestiae voluptatem molestias. Alias unde enim harum modi quae velit. Repellendus rem aliquid sed impedit pariatur illo.', 3, '2020-10-12 22:55:51', '2020-10-12 22:55:51'),
(314, 106, 'Suzanne Mayert', 'Qui amet pariatur sit omnis. Et alias fugiat laudantium delectus voluptas fuga nihil. Quia est sint necessitatibus non rerum.', 5, '2020-10-12 22:55:52', '2020-10-12 22:55:52'),
(315, 114, 'Stone Schiller', 'Dolorem dicta ea porro id et odio sit. Facilis est error occaecati consequuntur asperiores. Nam deleniti nihil velit sint voluptates.', 2, '2020-10-12 22:55:52', '2020-10-12 22:55:52'),
(316, 113, 'Leonard Berge', 'Et sint officiis est et aliquam quod et quidem. Ut delectus eos hic dolorem. Ipsam non incidunt quae eligendi. Eos sint sed et earum ex molestiae. Expedita velit vitae quae est accusamus placeat.', 1, '2020-10-12 22:55:52', '2020-10-12 22:55:52'),
(317, 140, 'Dr. Johnnie Bashirian', 'Ipsam iure deserunt in ducimus. Pariatur ad qui aperiam incidunt velit debitis quis. Repellat omnis cupiditate praesentium laboriosam voluptates odio. Hic sit qui ratione iusto.', 2, '2020-10-12 22:55:52', '2020-10-12 22:55:52'),
(318, 136, 'Elissa Zemlak II', 'Occaecati debitis corporis libero voluptas. Odit molestias fugit recusandae architecto ea illum. Maxime aliquam corporis expedita nobis quod asperiores.', 2, '2020-10-12 22:55:52', '2020-10-12 22:55:52'),
(319, 115, 'Elroy Hyatt', 'Ut dolorum neque fugiat ut quidem. Accusantium modi nam et est repellat magnam placeat. Qui rem deleniti in.', 4, '2020-10-12 22:55:52', '2020-10-12 22:55:52'),
(320, 136, 'Macie Nienow', 'Repellendus perspiciatis velit vero eaque natus. Dolor magnam facere corporis. Et esse maiores eum. Nesciunt nostrum maiores quasi blanditiis eius.', 2, '2020-10-12 22:55:52', '2020-10-12 22:55:52'),
(321, 113, 'Prof. Buck DuBuque', 'Nulla quis incidunt sit ut ullam itaque. Quas consequatur quaerat corporis alias magnam. Temporibus accusamus sit fuga nobis odit quam corrupti. Quo voluptas et vel adipisci.', 5, '2020-10-12 22:55:52', '2020-10-12 22:55:52'),
(322, 129, 'Treva Satterfield V', 'Eaque et quis laboriosam. Iusto occaecati laudantium unde sit quia maxime tempore. Libero ut itaque ut quia optio excepturi.', 1, '2020-10-12 22:55:52', '2020-10-12 22:55:52'),
(323, 113, 'Ms. Thea Bogisich III', 'Eos non et et facilis. Amet nesciunt consequatur quia illum corporis tempora ut. Similique hic quo corrupti. Ut porro ab repellendus molestiae praesentium sint.', 1, '2020-10-12 22:55:52', '2020-10-12 22:55:52'),
(324, 147, 'Jamar Towne', 'Ratione blanditiis est ab cumque doloribus sunt. Incidunt sunt harum cumque ut quo.', 3, '2020-10-12 22:55:52', '2020-10-12 22:55:52'),
(325, 137, 'Dr. Gabriella Waelchi PhD', 'Quas tenetur omnis aut expedita odio libero quas. Voluptatum animi sed et nostrum expedita asperiores. Dolorem unde iure in maxime. Quae autem ut est aut officiis adipisci quo.', 5, '2020-10-12 22:55:52', '2020-10-12 22:55:52'),
(326, 117, 'Noe Harber I', 'Nobis quos quae rem et ut. In quaerat praesentium ipsum nihil velit perspiciatis nihil. Laudantium totam suscipit impedit sequi. Harum est perferendis eveniet quasi assumenda.', 2, '2020-10-12 22:55:52', '2020-10-12 22:55:52'),
(327, 102, 'Irwin Kunde', 'Qui sed numquam vel delectus provident aliquid quasi. Rerum libero nisi earum exercitationem earum. Esse quia dolores illum magnam delectus nemo.', 4, '2020-10-12 22:55:52', '2020-10-12 22:55:52'),
(328, 118, 'Marisa Kozey', 'Sunt ipsa quam consectetur eveniet. Enim est corporis dolor aut quidem vero asperiores. Qui ad quisquam provident. Vero aut iste sint praesentium minus.', 2, '2020-10-12 22:55:53', '2020-10-12 22:55:53'),
(329, 136, 'Zachariah Collins', 'Porro nemo magnam ad vel sint dolorem. Dicta ea maxime nesciunt rem velit dolor eos. Sapiente commodi quisquam voluptas nisi est.', 4, '2020-10-12 22:55:53', '2020-10-12 22:55:53'),
(330, 126, 'Mr. Alexie Wolf PhD', 'Ad consequatur perferendis omnis est. Est est est molestiae. Tempora soluta vel aut repudiandae. Repellendus et quisquam veritatis consequuntur aspernatur voluptatibus excepturi.', 1, '2020-10-12 22:55:53', '2020-10-12 22:55:53'),
(331, 117, 'Robin Stanton', 'Ab aut saepe ad fugiat explicabo repudiandae. Quidem fugit blanditiis excepturi assumenda nulla. Necessitatibus aut ducimus aut sunt. Quia tempora a voluptatem sed. At impedit et sit qui voluptates.', 4, '2020-10-12 22:55:53', '2020-10-12 22:55:53'),
(332, 120, 'Miss Agustina Franecki', 'Excepturi mollitia fuga possimus nemo. Vitae harum possimus et in voluptas sit sunt. Aliquid quaerat saepe repellendus ea ut animi similique. Quidem perspiciatis voluptatum possimus nihil voluptas.', 2, '2020-10-12 22:55:53', '2020-10-12 22:55:53'),
(333, 147, 'Prof. Kurtis Goodwin IV', 'Dolorum aliquid temporibus aut voluptatem ut ea quos. Rerum velit recusandae ut quaerat non et et. Aut ullam rerum cum nostrum nostrum. Pariatur recusandae odit voluptatibus nemo.', 5, '2020-10-12 22:55:53', '2020-10-12 22:55:53'),
(334, 112, 'Bo Turcotte MD', 'Consequatur ut vel dolorem sint amet vel. Qui natus eum officiis at cupiditate. Nobis ut rerum non iusto est accusamus incidunt.', 1, '2020-10-12 22:55:53', '2020-10-12 22:55:53'),
(335, 113, 'Marcellus Fahey', 'Sed quibusdam laudantium excepturi porro aut provident exercitationem nulla. Et nam assumenda magni culpa unde corporis. Veritatis reprehenderit vitae nisi. Nostrum officia maiores officiis sed et.', 3, '2020-10-12 22:55:53', '2020-10-12 22:55:53'),
(336, 138, 'Audreanne Williamson', 'Vero totam perferendis est quo eius. Modi quia non exercitationem modi provident distinctio.', 4, '2020-10-12 22:55:53', '2020-10-12 22:55:53'),
(337, 146, 'Lacy McCullough MD', 'Odio dolores dolor culpa sequi doloribus quia. Illum alias facere cumque cupiditate adipisci. Ex cumque accusantium tenetur adipisci est unde.', 1, '2020-10-12 22:55:53', '2020-10-12 22:55:53'),
(338, 126, 'Troy Oberbrunner', 'Ipsam occaecati eligendi voluptatem sit nemo deserunt. Aut magni voluptatum sint autem vel voluptatem quis. Quia enim nulla exercitationem aut dolorem.', 3, '2020-10-12 22:55:53', '2020-10-12 22:55:53'),
(339, 122, 'Tremaine Huel', 'Praesentium ut laudantium quasi enim aut ut aut. Consectetur sit necessitatibus sint et mollitia impedit. Blanditiis quia voluptate quaerat cumque quae non iusto.', 3, '2020-10-12 22:55:53', '2020-10-12 22:55:53'),
(340, 139, 'Dr. Luisa Rohan I', 'Qui est labore et est qui mollitia itaque. Fuga architecto quia vero ad quae ea. Magnam quam ratione illo temporibus et aut voluptate necessitatibus.', 1, '2020-10-12 22:55:54', '2020-10-12 22:55:54'),
(341, 119, 'Prof. Roscoe Littel DVM', 'Officiis placeat ut quo odit. Beatae delectus nisi reprehenderit assumenda molestias.', 3, '2020-10-12 22:55:54', '2020-10-12 22:55:54'),
(342, 108, 'Emmalee Mraz MD', 'Laboriosam esse nulla ut distinctio minus. Tempore beatae labore eaque ipsa autem nobis voluptates fugit. Sequi saepe sed atque officia quia.', 2, '2020-10-12 22:55:54', '2020-10-12 22:55:54'),
(343, 134, 'Jeremie Flatley', 'Voluptatibus velit illo numquam ipsum nam et. Et id molestiae voluptatem tempore. Dolor molestiae ex voluptatem molestiae.', 3, '2020-10-12 22:55:54', '2020-10-12 22:55:54'),
(344, 102, 'Prof. Tatyana Bergnaum IV', 'In distinctio est quia nihil excepturi provident tempore. Rem voluptates id voluptate est voluptatem ea vel. Repellendus iusto dolorum quae.', 2, '2020-10-12 22:55:54', '2020-10-12 22:55:54'),
(345, 109, 'Lottie Harris', 'Omnis ullam temporibus voluptatem dolores dolorem. Qui voluptatum qui quia cumque. Cupiditate mollitia porro dolor quod molestiae rem dignissimos.', 0, '2020-10-12 22:55:54', '2020-10-12 22:55:54'),
(346, 111, 'Antone Rosenbaum', 'Libero magnam libero aut at eaque. Laboriosam laudantium libero dolorum perspiciatis quia omnis. Ab velit est impedit voluptatem. Accusamus aliquid similique enim id.', 5, '2020-10-12 22:55:54', '2020-10-12 22:55:54'),
(347, 144, 'Ebony Lesch DDS', 'Magni fugit et rerum qui qui eos vitae id. Iusto et repudiandae tempore odio autem fugiat possimus.', 5, '2020-10-12 22:55:54', '2020-10-12 22:55:54'),
(348, 149, 'Roselyn VonRueden', 'Consequatur aut veniam reiciendis. Totam beatae et iste. Dolor nihil molestiae fugiat quibusdam.', 3, '2020-10-12 22:55:54', '2020-10-12 22:55:54'),
(349, 148, 'Olga Krajcik', 'Animi sint saepe illum. Corrupti temporibus est molestiae iste cum. Aut eius omnis ab nobis ea.', 1, '2020-10-12 22:55:54', '2020-10-12 22:55:54'),
(350, 127, 'Cesar Keeling DVM', 'Ipsam quasi occaecati molestias iusto veritatis velit omnis. Iure fuga autem vero tempore repellendus at ea.', 2, '2020-10-12 22:55:54', '2020-10-12 22:55:54'),
(351, 144, 'Myriam Lubowitz', 'Provident est excepturi excepturi magnam vel soluta. Natus quod esse qui voluptas temporibus. Ullam quas repudiandae tenetur ut minus.', 5, '2020-10-12 22:55:54', '2020-10-12 22:55:54'),
(352, 150, 'Felicita Graham', 'Nemo exercitationem explicabo quibusdam non. Quibusdam nemo a et dolor. Quam vero quis rem sed. Et dolorum itaque velit eos esse. Consectetur quam nemo laboriosam.', 0, '2020-10-12 22:55:55', '2020-10-12 22:55:55'),
(353, 110, 'Kayla Herzog', 'Ducimus vel eaque unde. Molestias illo soluta nesciunt dicta voluptas quod nesciunt. Nostrum repellat omnis qui quae tempora voluptas. Reprehenderit sunt reprehenderit harum deleniti.', 1, '2020-10-12 22:55:55', '2020-10-12 22:55:55'),
(354, 137, 'Gail Cassin', 'Tenetur est aut quos quos quidem. Soluta dolores ipsum est minus. Neque ullam temporibus illum ipsum facere. Aut tempora sed sed autem et eum voluptatem nisi.', 4, '2020-10-12 22:55:55', '2020-10-12 22:55:55'),
(355, 147, 'Carmen Gaylord', 'Beatae tempore sit veritatis non. Odio consectetur omnis voluptas accusantium sunt. Cumque optio doloremque quos quas. Sed eius placeat accusamus.', 4, '2020-10-12 22:55:55', '2020-10-12 22:55:55'),
(356, 130, 'Stanley Oberbrunner', 'Sit rerum rem expedita enim veritatis. In animi incidunt molestias atque sequi et culpa. Soluta optio corrupti et illum reiciendis. Aut minus maxime alias omnis atque.', 5, '2020-10-12 22:55:55', '2020-10-12 22:55:55'),
(357, 132, 'Cecile Schmeler V', 'Et pariatur nesciunt qui harum autem et culpa qui. Numquam ad accusantium blanditiis culpa consectetur veniam. Quisquam quia quaerat consequatur. Et ex blanditiis error aliquam.', 5, '2020-10-12 22:55:55', '2020-10-12 22:55:55'),
(358, 123, 'Prof. Nolan Beahan V', 'Accusamus unde molestias ipsam quasi et. Et incidunt sint dolores aut est earum praesentium. Sunt sapiente natus distinctio ut hic.', 5, '2020-10-12 22:55:55', '2020-10-12 22:55:55'),
(359, 125, 'Mr. Reuben Streich DDS', 'Velit repellat est nisi consequatur accusantium. Autem sit aliquid nihil voluptatem cupiditate. Necessitatibus accusantium rerum itaque hic similique asperiores est et.', 0, '2020-10-12 22:55:55', '2020-10-12 22:55:55'),
(360, 122, 'Kane Predovic', 'Culpa minima earum harum ut. Id in inventore ut enim et qui. Omnis iusto atque expedita. Qui ad omnis molestias voluptatem ut adipisci blanditiis.', 3, '2020-10-12 22:55:55', '2020-10-12 22:55:55'),
(361, 131, 'Herbert Kassulke II', 'Ut sequi ex dolorum. Autem ut est saepe est a quos tempora. Magni corporis deleniti error voluptatibus sint dolor aut. Error illo recusandae id odio qui.', 0, '2020-10-12 22:55:55', '2020-10-12 22:55:55'),
(362, 137, 'Giovanni West', 'Tenetur facere ut repellendus ullam autem itaque. Deserunt quasi et et repellat in sit eaque.', 3, '2020-10-12 22:55:55', '2020-10-12 22:55:55'),
(363, 106, 'Ronny Casper', 'Beatae et minus consequuntur ducimus molestias. Dolor et iste ab vel. Explicabo ea quas architecto sit.', 1, '2020-10-12 22:55:55', '2020-10-12 22:55:55'),
(364, 125, 'Reggie Gaylord IV', 'Expedita dolor ut temporibus optio eum sunt. Id voluptatem ullam et voluptas laudantium blanditiis tenetur. Est sit omnis debitis. Qui vel voluptatibus qui quam aut dolores quis.', 0, '2020-10-12 22:55:55', '2020-10-12 22:55:55'),
(365, 119, 'Prof. Lenny Tremblay', 'Soluta accusamus commodi eius non adipisci rerum. A atque qui repudiandae atque. Quod ut qui ut iure eveniet ut.', 1, '2020-10-12 22:55:55', '2020-10-12 22:55:55'),
(366, 139, 'Jeanne Boehm Sr.', 'Cumque sint rerum sint voluptatem rerum occaecati quae. Aut repudiandae vel fugit doloremque. Tempore aperiam molestiae dolor cupiditate. Perferendis repudiandae omnis ducimus aut cum dolorem.', 2, '2020-10-12 22:55:55', '2020-10-12 22:55:55'),
(367, 150, 'Orpha Moore', 'Doloremque et accusantium est inventore dolores et. Sit sit expedita rerum.', 3, '2020-10-12 22:55:56', '2020-10-12 22:55:56'),
(368, 122, 'Dr. Zackery Bailey', 'Id autem vel ex maxime id aut quas. Non pariatur sed ut totam. Nihil dolorem vero ducimus qui ab est. Dolorem voluptas optio est laborum.', 5, '2020-10-12 22:55:56', '2020-10-12 22:55:56'),
(369, 103, 'Francis Feil', 'Voluptatem et dolore vero sunt in ipsa. Et consequatur optio aut quod fuga. Quasi est ut minima eum in quisquam in omnis. Mollitia aut quod reprehenderit quos repudiandae repellendus.', 1, '2020-10-12 22:55:56', '2020-10-12 22:55:56'),
(370, 107, 'Maye Feil', 'Ut dolorem sit tenetur dolore. Tempora vel aspernatur quas enim suscipit aut aut amet. Quisquam illo quia fugiat dolorum. Et voluptatum incidunt et vel.', 4, '2020-10-12 22:55:56', '2020-10-12 22:55:56'),
(371, 118, 'Mr. Emil Kerluke', 'Ex est deleniti vero officia ab. Veritatis unde sit nihil est aperiam beatae nemo. Dolor et voluptatem earum alias.', 5, '2020-10-12 22:55:56', '2020-10-12 22:55:56'),
(372, 104, 'Wilber Ullrich', 'Sunt ipsa delectus dicta cum magni. Quae sint est non unde porro. Modi sunt maiores recusandae cupiditate est omnis est.', 4, '2020-10-12 22:55:56', '2020-10-12 22:55:56'),
(373, 140, 'Haylee Nienow V', 'Molestiae voluptatem voluptatem est earum animi esse. Unde qui eaque rem suscipit et minus. Et aut quisquam sed delectus dignissimos nostrum. Asperiores enim dolorem ad nobis libero consectetur.', 1, '2020-10-12 22:55:56', '2020-10-12 22:55:56'),
(374, 111, 'Mr. Ramiro Reichert III', 'Quo sint amet esse odio dolorem. Voluptatem accusamus in quo voluptatem vitae eligendi.', 0, '2020-10-12 22:55:56', '2020-10-12 22:55:56'),
(375, 141, 'Willow Ebert', 'Voluptate sunt sunt excepturi eligendi neque aut. Molestiae delectus error porro eum culpa maxime dolores. Aut molestias labore dolores et fugit modi voluptas.', 1, '2020-10-12 22:55:56', '2020-10-12 22:55:56'),
(376, 128, 'Dr. Flo Kunde V', 'Labore quos debitis eius inventore delectus ab aspernatur. Ipsum aliquam non nulla at. Cum est corrupti iure esse itaque non sit quaerat.', 4, '2020-10-12 22:55:56', '2020-10-12 22:55:56'),
(377, 103, 'Miss Natalie Nienow IV', 'Aut sunt reiciendis ea voluptatem possimus corporis aut. Maxime sint pariatur qui qui ipsam. Et qui quos ea qui quisquam. Odio dolorum sit corporis cupiditate sunt autem quisquam maiores.', 2, '2020-10-12 22:55:56', '2020-10-12 22:55:56'),
(378, 106, 'Keven McClure', 'Ipsa ipsum tenetur qui amet. Totam laudantium qui molestiae quidem quia ut voluptatem aut. Earum voluptates alias dolore qui ad non.', 1, '2020-10-12 22:55:56', '2020-10-12 22:55:56'),
(379, 122, 'Dr. Albin Gerhold DDS', 'Aut deserunt quis ut eos. Sit tempora ea blanditiis quibusdam nihil quidem consequatur dolorem.', 1, '2020-10-12 22:55:56', '2020-10-12 22:55:56'),
(380, 121, 'Prof. Ophelia Nitzsche', 'Nisi quisquam eum fuga magnam. Deserunt numquam at mollitia dolor sequi sit voluptas. Delectus culpa aut et sapiente iure sed vel.', 4, '2020-10-12 22:55:57', '2020-10-12 22:55:57'),
(381, 121, 'Trystan Feeney V', 'Optio sequi dolores laboriosam ducimus placeat. Sed nobis consequuntur deleniti atque aut. Sunt nihil assumenda accusamus eveniet.', 5, '2020-10-12 22:55:57', '2020-10-12 22:55:57'),
(382, 104, 'Avis Pfeffer', 'Nulla qui veritatis quidem voluptas. Nihil quis laboriosam suscipit in quia. Corporis dolore voluptate officia adipisci eos hic. Ut dolor ut ipsam beatae earum amet repellendus.', 4, '2020-10-12 22:55:57', '2020-10-12 22:55:57'),
(383, 137, 'Dr. Kiel Murazik V', 'Numquam enim delectus illum. Facilis magnam repellendus itaque. Odit velit aut laborum adipisci ut dolorem.', 3, '2020-10-12 22:55:57', '2020-10-12 22:55:57'),
(384, 101, 'Isom Nitzsche', 'Ut et tenetur et quia repellat. Voluptatibus deserunt perferendis consequatur sunt quaerat quia. Numquam officiis architecto cupiditate ipsum repellendus omnis iusto.', 3, '2020-10-12 22:55:57', '2020-10-12 22:55:57'),
(385, 113, 'Destini Nitzsche', 'Sunt commodi occaecati dolorem ut accusamus. Est vel cum laboriosam non. Laboriosam et beatae hic animi voluptatem voluptatibus.', 0, '2020-10-12 22:55:57', '2020-10-12 22:55:57'),
(386, 111, 'Anjali Hauck', 'Nisi dicta similique expedita. Quam ut qui commodi a dolorum in nesciunt. Debitis aut debitis exercitationem iste temporibus quia.', 1, '2020-10-12 22:55:57', '2020-10-12 22:55:57'),
(387, 116, 'Prof. Orland Boyle', 'Libero qui quam ipsum. Et sapiente dolorum est alias voluptatum. Quo reiciendis ullam dolore et possimus.', 5, '2020-10-12 22:55:57', '2020-10-12 22:55:57'),
(388, 115, 'Mr. Darian Vandervort', 'Qui ullam illum ipsum. Suscipit adipisci soluta in fuga nulla quaerat. Nemo quos enim qui necessitatibus.', 1, '2020-10-12 22:55:57', '2020-10-12 22:55:57'),
(389, 140, 'Chloe Bartoletti', 'Ullam quia ea autem earum ad necessitatibus. Sint in commodi expedita animi sint incidunt cupiditate. Rem illo voluptas corrupti quae aut. Odio ea facere expedita placeat iure dolor.', 2, '2020-10-12 22:55:57', '2020-10-12 22:55:57'),
(390, 121, 'Prof. Davion Hahn DVM', 'Reprehenderit sit fugiat commodi eius cum quia autem. Provident ullam quasi aut voluptatem laudantium sunt illum. Incidunt vitae facere voluptas et rerum.', 0, '2020-10-12 22:55:57', '2020-10-12 22:55:57'),
(391, 105, 'Alessandra Swaniawski', 'Quod qui perferendis enim soluta. Quia minima quas quisquam et sint. Amet ea nostrum ratione id quod perferendis eos maxime.', 3, '2020-10-12 22:55:57', '2020-10-12 22:55:57'),
(392, 108, 'Mr. Doyle Moore', 'Ipsam atque aut velit sunt eos. Voluptatem velit non natus et consequatur quo. Est exercitationem earum corrupti. Sapiente error rerum est et.', 2, '2020-10-12 22:55:57', '2020-10-12 22:55:57'),
(393, 105, 'Joaquin Reynolds', 'Cupiditate maxime fugit minus neque eum. Minima dolores sunt sunt ut minus dolores odio. Dolor nihil deserunt dolorem doloremque. Repellat repudiandae officiis atque culpa repellat aut maxime.', 4, '2020-10-12 22:55:58', '2020-10-12 22:55:58'),
(394, 117, 'Brielle Daniel', 'Laboriosam voluptates vel commodi dolores sit unde commodi. Qui ab voluptas qui. Corrupti asperiores ad ab.', 1, '2020-10-12 22:55:58', '2020-10-12 22:55:58'),
(395, 108, 'Curt Kovacek', 'Voluptatibus quia odit vel consectetur repellendus dolores soluta. Soluta nesciunt quia aperiam maiores ratione. Eligendi quisquam adipisci nostrum. Non quisquam natus facilis culpa qui dolor.', 5, '2020-10-12 22:55:58', '2020-10-12 22:55:58'),
(396, 110, 'Wendy Koss MD', 'Asperiores id culpa dolor neque. Quibusdam deleniti quis qui ipsam. Debitis officiis animi sunt voluptas qui cupiditate. In sint deleniti corporis unde.', 4, '2020-10-12 22:55:58', '2020-10-12 22:55:58'),
(397, 134, 'Miss Kirstin Cormier DDS', 'Delectus neque velit vitae officiis. Sed dolor excepturi quas et asperiores. Est quam illo culpa dolor officia molestiae.', 4, '2020-10-12 22:55:58', '2020-10-12 22:55:58'),
(398, 123, 'Jeromy Gutkowski', 'Quis et atque saepe eius mollitia et. Dolor nostrum et et quam. Molestias rerum in cum. Placeat animi esse beatae.', 2, '2020-10-12 22:55:58', '2020-10-12 22:55:58'),
(399, 147, 'Felix Murphy', 'Ad assumenda aut possimus et. Praesentium dolores voluptas aut modi. Aut unde et aut exercitationem exercitationem. Suscipit et consequuntur qui commodi sit.', 1, '2020-10-12 22:55:58', '2020-10-12 22:55:58'),
(400, 117, 'Dr. Maximo Armstrong II', 'Vitae non quia cum sit et eos. Ad quis odit dolore eos. Sit quae enim excepturi sed et placeat asperiores.', 0, '2020-10-12 22:55:58', '2020-10-12 22:55:58'),
(401, 122, 'Dariana Gorczany MD', 'Ut possimus nihil dolor occaecati. Et facere fuga velit voluptas. Sunt sint mollitia at illo eaque. Earum quia autem corporis tempora non reiciendis qui.', 2, '2020-10-12 22:55:58', '2020-10-12 22:55:58'),
(402, 122, 'Brionna Mitchell', 'Architecto est modi voluptate velit est temporibus. Quo iusto animi iste consequatur aperiam labore. Enim debitis impedit quaerat quo voluptas reiciendis odit fugiat.', 4, '2020-10-12 22:55:58', '2020-10-12 22:55:58'),
(403, 135, 'Noel Volkman I', 'Facere qui quisquam accusamus culpa neque magnam et ipsam. Quia amet ut ipsum rerum enim velit illum. Veritatis eos nulla quia. Error eum enim quisquam doloremque unde quibusdam reprehenderit quis.', 1, '2020-10-12 22:55:58', '2020-10-12 22:55:58'),
(404, 120, 'Mrs. Maia Steuber Sr.', 'Eos et iure quas. Voluptatem et repellendus cupiditate unde fuga modi. Et cum aut quis rerum velit ullam. Similique cupiditate expedita soluta quos aspernatur.', 2, '2020-10-12 22:55:58', '2020-10-12 22:55:58'),
(405, 116, 'Gregoria Kirlin', 'Rerum nulla quis consequuntur molestiae facere. Qui labore modi minima earum aut eveniet et.', 0, '2020-10-12 22:55:58', '2020-10-12 22:55:58'),
(406, 140, 'Mrs. Jessika Conn', 'Et provident esse in dolores et consequatur. Ipsam facere magnam quas ducimus repellat. Voluptatem libero et nostrum quia et deleniti aliquam.', 5, '2020-10-12 22:55:58', '2020-10-12 22:55:58'),
(407, 137, 'Dr. Johan Padberg I', 'Consectetur molestiae et magni expedita. Ut officiis quia praesentium delectus sit laudantium voluptatibus.', 0, '2020-10-12 22:55:58', '2020-10-12 22:55:58'),
(408, 139, 'Prof. Kaitlin Stamm', 'Commodi soluta blanditiis voluptatem qui aspernatur. Sed ut repellat qui fugit occaecati qui et facere. Explicabo quis autem qui nisi illum.', 5, '2020-10-12 22:55:59', '2020-10-12 22:55:59'),
(409, 131, 'Domenic Lockman', 'In ut voluptatibus aut enim. Cumque modi aut eaque et iste sed et. Ex est nihil voluptas et fugiat.', 2, '2020-10-12 22:55:59', '2020-10-12 22:55:59'),
(410, 109, 'Kristina Goodwin', 'Excepturi ut ad porro deserunt quae. Et quod facilis eos voluptatibus cumque reiciendis. Commodi error doloribus praesentium nesciunt veritatis nihil non velit. A reiciendis quae qui ut.', 3, '2020-10-12 22:55:59', '2020-10-12 22:55:59'),
(411, 149, 'Dr. Chelsie Cremin DVM', 'Ut sunt eum aut quia laborum impedit quo. Aut optio iure ducimus soluta est. Aperiam rerum accusamus repellendus et. Assumenda incidunt itaque dolorem dolor nihil.', 5, '2020-10-12 22:55:59', '2020-10-12 22:55:59'),
(412, 146, 'Prof. Luis Feest V', 'Omnis rerum iusto nihil omnis esse voluptas sit. Quis eos rem voluptas aut. Earum dolorum illum laudantium temporibus vero possimus rerum. Illo culpa aliquam voluptates numquam.', 2, '2020-10-12 22:55:59', '2020-10-12 22:55:59'),
(413, 122, 'Shaylee Gusikowski Sr.', 'Voluptas sit quam ut consequatur omnis qui. Est nemo optio alias quo ut porro. Temporibus explicabo accusantium facilis dolorum voluptates. Deleniti eaque quidem optio tenetur.', 5, '2020-10-12 22:55:59', '2020-10-12 22:55:59'),
(414, 142, 'Prof. Mae Bode MD', 'Ipsam eaque dignissimos ut non in hic aut. Vero autem non fuga. Saepe deserunt ex nulla quaerat reprehenderit soluta error.', 5, '2020-10-12 22:55:59', '2020-10-12 22:55:59'),
(415, 121, 'Shawna McClure V', 'Rerum harum amet modi porro cum. Ex eos sit aliquam recusandae repellat voluptas aliquid ut. Est atque consequatur consequuntur nisi nostrum.', 0, '2020-10-12 22:55:59', '2020-10-12 22:55:59'),
(416, 106, 'Thora Rempel', 'Suscipit soluta ducimus nulla sunt nihil ullam. Quas at modi ut. Architecto rem laboriosam debitis aut magni et voluptas ratione.', 4, '2020-10-12 22:55:59', '2020-10-12 22:55:59'),
(417, 135, 'Prince Hermann', 'Dolor optio nihil non nemo veritatis. Vero est aut ipsam sed deserunt officia hic et. Sed quos aut ullam repudiandae aliquam ut. Eveniet est voluptatem est qui.', 4, '2020-10-12 22:55:59', '2020-10-12 22:55:59'),
(418, 149, 'Isai Bosco', 'Ut amet quia et molestiae et corrupti eos rerum. Velit magnam neque est id. Est ipsum minus ea rem.', 4, '2020-10-12 22:55:59', '2020-10-12 22:55:59'),
(419, 148, 'Prof. Gordon Cronin', 'Minima et aut ea magni. Qui rerum possimus et atque rerum magnam. Architecto adipisci harum culpa est animi dignissimos quisquam dolores.', 4, '2020-10-12 22:55:59', '2020-10-12 22:55:59'),
(420, 122, 'Wiley Considine', 'Tenetur ipsum reiciendis distinctio. Quis voluptatem placeat reprehenderit. Fugit id cum enim qui nemo. Qui et sapiente eum dolorem laudantium.', 0, '2020-10-12 22:55:59', '2020-10-12 22:55:59'),
(421, 123, 'Ophelia Nolan', 'Eius quis aliquam illo earum non est. Velit numquam vero nulla enim asperiores harum harum. Et eligendi tempore sequi quod placeat.', 5, '2020-10-12 22:55:59', '2020-10-12 22:55:59'),
(422, 113, 'Tamia Grimes', 'Earum recusandae iusto ut nihil molestiae. Animi dolores similique debitis qui consequatur. Atque recusandae cumque et doloremque quaerat totam soluta quisquam.', 0, '2020-10-12 22:55:59', '2020-10-12 22:55:59'),
(423, 144, 'Brook Bernier', 'Beatae et rerum nesciunt rerum. Et dignissimos nobis sunt accusamus molestiae aliquid. Nemo ea et inventore porro eos. Officiis corrupti culpa exercitationem incidunt ducimus.', 1, '2020-10-12 22:56:00', '2020-10-12 22:56:00'),
(424, 145, 'Anita Berge', 'Quod eum et voluptatem nobis velit. Tempore qui dolores deserunt est praesentium ea quos. Beatae consequatur recusandae minus consequatur iste. Voluptas velit aut et dolorem quia.', 3, '2020-10-12 22:56:00', '2020-10-12 22:56:00'),
(425, 130, 'Rickey Stark', 'Nemo et ut ut. Omnis voluptas assumenda ipsum consequatur. Ducimus eum occaecati ipsam blanditiis aut.', 2, '2020-10-12 22:56:00', '2020-10-12 22:56:00'),
(426, 150, 'Cali Medhurst', 'Et quis accusamus voluptatem vitae nobis ea vel. Qui quia incidunt veniam officia nihil voluptates est. Ut et tempore omnis qui cupiditate quos. Est magni et voluptatem voluptates velit.', 2, '2020-10-12 22:56:00', '2020-10-12 22:56:00'),
(427, 146, 'Dr. Makenna Grimes II', 'Atque sed qui error autem qui quae et. At architecto quia repellat et dolorum est. Quis explicabo omnis doloribus molestiae iusto.', 0, '2020-10-12 22:56:00', '2020-10-12 22:56:00'),
(428, 150, 'Dimitri Keebler', 'Quaerat voluptas quia ut suscipit explicabo. Nam saepe qui sint vitae et in facilis. Explicabo dolor dignissimos velit nam.', 5, '2020-10-12 22:56:00', '2020-10-12 22:56:00'),
(429, 139, 'Dora Macejkovic', 'Incidunt autem excepturi earum eos possimus aut. Numquam dolor dolores velit porro eaque voluptatem. Magnam aliquid sunt quibusdam fugiat libero tenetur.', 3, '2020-10-12 22:56:00', '2020-10-12 22:56:00'),
(430, 120, 'Cecelia D\'Amore', 'Minus velit dolores totam voluptas ut. Qui voluptas quibusdam neque et harum et illo dolores. Autem iure ea sit. Quia mollitia hic dignissimos consequatur fugiat.', 3, '2020-10-12 22:56:00', '2020-10-12 22:56:00'),
(431, 123, 'Telly Durgan', 'Commodi iusto ipsa veritatis enim molestiae. Ea aspernatur saepe maiores delectus laborum. Omnis eum eveniet non beatae. Nesciunt dolores aspernatur sed tenetur id.', 5, '2020-10-12 22:56:00', '2020-10-12 22:56:00'),
(432, 103, 'Alvis Hayes MD', 'Nihil velit natus sed aut laudantium inventore. Sint veritatis omnis iure autem reprehenderit unde corporis. Architecto vel et fugiat eum. Et adipisci doloremque quas autem doloremque architecto.', 0, '2020-10-12 22:56:00', '2020-10-12 22:56:00'),
(433, 112, 'Zackery Collins Jr.', 'Non dolorem vel sit blanditiis voluptatibus aliquid quod. Eos quia ex quibusdam. Et possimus quos eius unde suscipit magnam fugit.', 3, '2020-10-12 22:56:01', '2020-10-12 22:56:01'),
(434, 102, 'Mr. Kareem Kirlin', 'Et ratione ratione eveniet sed laborum. Dignissimos pariatur qui quisquam consectetur illo est labore. Facere consequuntur vero ea tenetur vitae distinctio at et.', 1, '2020-10-12 22:56:01', '2020-10-12 22:56:01'),
(435, 143, 'Yolanda McLaughlin', 'Distinctio qui ut dolor ea fugit dolores et. Illo ut qui fugiat vitae perspiciatis. Aut suscipit sit dolorem.', 5, '2020-10-12 22:56:01', '2020-10-12 22:56:01'),
(436, 117, 'Prof. Jedediah Yundt IV', 'Dicta dolor incidunt exercitationem voluptatem. Incidunt quidem ipsa officia molestias quod voluptatem. Commodi ut numquam repudiandae eos. Est non eveniet rerum.', 2, '2020-10-12 22:56:01', '2020-10-12 22:56:01'),
(437, 118, 'Johathan Ledner', 'Possimus nihil libero facilis et accusantium. Dolor omnis nisi esse officiis itaque. Magnam aut quaerat aut numquam illum.', 3, '2020-10-12 22:56:01', '2020-10-12 22:56:01'),
(438, 119, 'Prof. Madyson Reinger', 'Qui quia magni a eaque beatae et fuga. Harum aut veniam perferendis qui quo eum id nostrum. Eligendi minima ut repellat nulla ullam aut iure.', 1, '2020-10-12 22:56:01', '2020-10-12 22:56:01'),
(439, 108, 'Gina Heathcote', 'Laborum ipsam architecto nobis quod aliquid possimus magnam. Et et voluptatem officiis ea est. Magnam quae non quaerat asperiores. Hic qui quia repellat ducimus eius ratione.', 4, '2020-10-12 22:56:01', '2020-10-12 22:56:01'),
(440, 130, 'Jaquan Howe', 'Aut dolore libero id aut. Esse est minima qui doloribus iure. Officiis minus harum nisi enim porro mollitia.', 0, '2020-10-12 22:56:01', '2020-10-12 22:56:01'),
(441, 124, 'Mr. Alek Ledner', 'Eum sequi laboriosam et enim harum. Autem doloremque vel est. Adipisci autem aut et facilis.', 3, '2020-10-12 22:56:01', '2020-10-12 22:56:01'),
(442, 125, 'Mathilde Skiles', 'Voluptates sed similique id architecto. Animi porro ipsum delectus. Voluptatibus recusandae aut consequatur velit deleniti id possimus at. Fugit blanditiis excepturi error voluptatem.', 1, '2020-10-12 22:56:01', '2020-10-12 22:56:01'),
(443, 115, 'Colton Davis DDS', 'Saepe sunt officia aut modi aspernatur est. Rem soluta et totam.', 5, '2020-10-12 22:56:01', '2020-10-12 22:56:01'),
(444, 124, 'Prof. Cordell Lemke V', 'Fugiat consequatur earum at voluptas. Omnis quis odio eius eum ut harum ipsam. Aut ut voluptas mollitia nisi enim vel quia. Dolorem incidunt odit necessitatibus sit quod.', 0, '2020-10-12 22:56:01', '2020-10-12 22:56:01'),
(445, 106, 'Jordyn Ziemann', 'Quod nihil provident aut. Velit delectus dolorum eaque fugiat earum expedita. Molestias laborum animi ut. Occaecati inventore velit cupiditate.', 1, '2020-10-12 22:56:01', '2020-10-12 22:56:01'),
(446, 113, 'Kamryn Kirlin', 'Et nihil facilis accusamus molestiae consectetur et in. Illo sit voluptates et voluptatum occaecati. Ratione molestias laudantium in excepturi ut. Consequatur qui numquam quia vero quo.', 1, '2020-10-12 22:56:02', '2020-10-12 22:56:02'),
(447, 145, 'Angelica Kihn', 'Eos adipisci molestias autem qui omnis porro voluptatem. Pariatur aut dolores unde rerum. Nulla quam in est architecto nulla tenetur. Harum commodi nam et eos nihil est.', 1, '2020-10-12 22:56:02', '2020-10-12 22:56:02'),
(448, 122, 'Miss Camilla Shields DDS', 'Assumenda facilis minus laboriosam maxime eum voluptatem et. Rerum at et soluta accusamus. Molestias et sunt dolores quas. Et vitae ad illo officiis quisquam vero.', 1, '2020-10-12 22:56:02', '2020-10-12 22:56:02'),
(449, 103, 'Sincere Fay', 'Ut est sint laboriosam vero. Delectus corrupti qui nostrum architecto. Et reiciendis numquam facere amet quisquam.', 3, '2020-10-12 22:56:02', '2020-10-12 22:56:02'),
(450, 105, 'Ewald Kshlerin', 'Possimus nostrum et ratione maiores et quia. Itaque aperiam voluptas sequi.', 5, '2020-10-12 22:56:02', '2020-10-12 22:56:02'),
(451, 127, 'Miss Chasity Dooley', 'Quia assumenda et libero dolore impedit voluptate. Placeat qui quis vel quo. Cum aut recusandae est.', 2, '2020-10-12 22:56:02', '2020-10-12 22:56:02'),
(452, 127, 'Lizzie Blick', 'Eum est necessitatibus aspernatur dolorem. Necessitatibus doloribus alias reprehenderit commodi consequuntur distinctio dignissimos. Aut qui omnis cum deleniti vel qui.', 3, '2020-10-12 22:56:02', '2020-10-12 22:56:02'),
(453, 127, 'Stephany Stracke', 'Iste esse quisquam voluptatum unde error nobis aperiam. Neque ipsam provident consequatur odio. Exercitationem dolores veritatis laborum enim. Accusamus at quibusdam explicabo aliquam est.', 4, '2020-10-12 22:56:02', '2020-10-12 22:56:02'),
(454, 127, 'Golda Bergnaum', 'Ratione esse iusto vel at possimus aut. Dolores quos sit maiores voluptatem quam ipsam. Placeat id sit et qui omnis neque.', 4, '2020-10-12 22:56:02', '2020-10-12 22:56:02'),
(455, 145, 'Miss Rachael Trantow Jr.', 'Accusamus sed consequatur dignissimos sed ad veritatis culpa. Atque qui ex laborum modi eos quis corrupti quia. Officiis modi illum esse qui voluptatem amet.', 3, '2020-10-12 22:56:02', '2020-10-12 22:56:02'),
(456, 129, 'Mr. Troy Zieme DDS', 'Nisi id laboriosam eaque inventore placeat placeat molestiae. Adipisci corporis dolores qui id eligendi quis. Deleniti suscipit nobis sint rerum. Quis cumque ut inventore id error sint aut.', 0, '2020-10-12 22:56:02', '2020-10-12 22:56:02'),
(457, 134, 'Gabriel Friesen Jr.', 'Tempora fuga beatae dolores. Similique totam minus optio sit voluptatum sint sit qui. Et reprehenderit pariatur qui aut vel est. Odio iste quod et. Placeat veniam ab cupiditate.', 4, '2020-10-12 22:56:02', '2020-10-12 22:56:02'),
(458, 119, 'Mrs. Trisha Schmidt', 'Eos autem aperiam accusantium nisi non velit odit. Est facere ut nulla sequi aut aut. Autem animi reprehenderit doloremque ipsa voluptates.', 0, '2020-10-12 22:56:02', '2020-10-12 22:56:02'),
(459, 149, 'Mose Beier', 'Numquam et rerum iste doloremque est. Iure corporis dolorum et. Voluptatem est sint ut. Dolor modi ea officia earum delectus.', 5, '2020-10-12 22:56:02', '2020-10-12 22:56:02'),
(460, 109, 'Ms. Lora Hansen', 'Expedita occaecati sed eius eligendi. Omnis assumenda rerum hic. Culpa a vel commodi eum id.', 3, '2020-10-12 22:56:02', '2020-10-12 22:56:02'),
(461, 123, 'Allan Fadel', 'Et blanditiis vel distinctio consequatur quia possimus. Libero nihil sit quisquam ex animi beatae. Ipsum unde officia similique vel eius voluptate tempore laborum.', 0, '2020-10-12 22:56:02', '2020-10-12 22:56:02'),
(462, 120, 'Aubrey Kautzer', 'Saepe dolor officia aliquid vel deserunt. Est impedit optio velit rerum. Fugiat voluptatibus et nulla placeat. Rerum ab ut non a excepturi recusandae.', 3, '2020-10-12 22:56:02', '2020-10-12 22:56:02'),
(463, 137, 'Mr. Jonatan Lebsack II', 'Dolorem minima ullam culpa voluptatibus. Soluta exercitationem aliquam eligendi optio ab sit sed. Aliquam earum quas natus fugit doloremque consequuntur et.', 5, '2020-10-12 22:56:03', '2020-10-12 22:56:03'),
(464, 120, 'Arnold Blanda', 'Dolorem beatae cupiditate quae aut et. Et voluptate ea non est ut. Sunt non accusantium recusandae exercitationem quis aliquam velit.', 1, '2020-10-12 22:56:03', '2020-10-12 22:56:03'),
(465, 120, 'Halle Hintz V', 'Dolorem impedit necessitatibus et excepturi possimus ad. Id eligendi eligendi sint optio nam non eveniet. Ab amet esse quibusdam distinctio vitae. Velit sint autem non et voluptatem earum repellat.', 2, '2020-10-12 22:56:03', '2020-10-12 22:56:03'),
(466, 132, 'Kiarra Kunze', 'Veritatis maxime qui ipsam qui. Aut molestiae qui dolor recusandae autem. Id veniam at fugiat voluptates vitae laborum.', 2, '2020-10-12 22:56:03', '2020-10-12 22:56:03'),
(467, 139, 'Davonte DuBuque', 'Neque commodi architecto qui fugit voluptatem aspernatur. Eum tenetur beatae ut est mollitia. Odit labore molestias sapiente numquam et est. Cum et sed ut harum et amet id.', 4, '2020-10-12 22:56:03', '2020-10-12 22:56:03'),
(468, 104, 'Dr. Edmund Quigley Jr.', 'Sit accusantium voluptatem et optio illum recusandae molestiae. Impedit odit est dolorum repellat. Nostrum consequuntur qui adipisci iste itaque id eligendi.', 0, '2020-10-12 22:56:03', '2020-10-12 22:56:03'),
(469, 109, 'Cali VonRueden', 'Iste nobis et tempora sit aut. Qui nihil nobis magni iste. Animi numquam tempore illo voluptas.', 3, '2020-10-12 22:56:03', '2020-10-12 22:56:03'),
(470, 120, 'Austyn Klocko', 'Voluptate impedit id voluptas possimus in. Velit enim corrupti corporis iure. Fuga ex aut quia illo nihil. Iusto magni aut tempore sunt et.', 5, '2020-10-12 22:56:03', '2020-10-12 22:56:03'),
(471, 141, 'Prof. Eusebio Shanahan V', 'Aspernatur consequatur ex voluptatem omnis delectus. Repudiandae architecto dolorem ut non illum. Molestiae qui corporis deleniti reprehenderit laboriosam voluptas.', 0, '2020-10-12 22:56:03', '2020-10-12 22:56:03'),
(472, 149, 'Katelynn Hilpert', 'Est est cumque facilis nihil officia est. Voluptatum similique quia qui nihil nihil sed. Minima vel explicabo voluptatum alias numquam nesciunt est. Sequi non pariatur ut qui dolor sed odio.', 0, '2020-10-12 22:56:03', '2020-10-12 22:56:03'),
(473, 118, 'Prof. Keira Kulas MD', 'Est doloribus quia voluptas quia dolor tempore. Odit aut rem iure ut est dolores necessitatibus. Neque earum quibusdam consectetur cum veritatis.', 5, '2020-10-12 22:56:03', '2020-10-12 22:56:03'),
(474, 103, 'Mr. Bret Wintheiser', 'Provident rem voluptatem id quia. Impedit repellat omnis atque officiis ut earum. Et itaque et expedita at. Ut ut explicabo dolore qui esse quam corporis nihil.', 2, '2020-10-12 22:56:03', '2020-10-12 22:56:03'),
(475, 109, 'Lia Rath', 'Unde ullam molestiae aut similique maiores. Perspiciatis corrupti eveniet quod cum quaerat. Iste magni officiis assumenda tenetur consequatur ipsam hic velit. Sapiente accusamus quis labore aut.', 5, '2020-10-12 22:56:03', '2020-10-12 22:56:03'),
(476, 117, 'Ned Cummerata', 'Error ut voluptate saepe error eum incidunt. Est temporibus ut eos et reiciendis ullam. Rerum facilis dolor excepturi beatae quo. Id iste eligendi quis.', 0, '2020-10-12 22:56:03', '2020-10-12 22:56:03'),
(477, 103, 'Giovanny Kunde', 'Facilis dolorem nisi rerum quaerat voluptates asperiores officia. Vel ea ab vero molestiae et mollitia et. Nulla est dolorem maiores ad. Sit et quidem ab recusandae laborum.', 3, '2020-10-12 22:56:03', '2020-10-12 22:56:03'),
(478, 143, 'Ocie Bergstrom PhD', 'Hic culpa vero nulla quisquam quis incidunt aliquam. Cumque consequatur provident nam eveniet. Quo quas ut qui harum. Consequatur fuga earum libero rem illum distinctio dicta sit.', 1, '2020-10-12 22:56:03', '2020-10-12 22:56:03'),
(479, 136, 'Madyson Windler', 'Quisquam sed quae nisi adipisci facilis. Blanditiis adipisci qui neque unde.', 4, '2020-10-12 22:56:04', '2020-10-12 22:56:04'),
(480, 148, 'Derek Moore', 'Qui placeat animi molestiae possimus sit quod. Sit temporibus nam voluptas.', 2, '2020-10-12 22:56:04', '2020-10-12 22:56:04'),
(481, 120, 'Richard Dare IV', 'Nisi error deserunt a similique eos sit. Ipsa sunt rerum ex eos. Exercitationem architecto dolores est iusto qui. Fuga tenetur dolore ad quas quia dolorem.', 5, '2020-10-12 22:56:04', '2020-10-12 22:56:04'),
(482, 146, 'Dayne Emard', 'Impedit quis qui laboriosam aut. Corporis repellat sapiente atque placeat et nisi. Delectus architecto est aut a. Cupiditate aut atque ab maiores ut id tempora.', 3, '2020-10-12 22:56:04', '2020-10-12 22:56:04'),
(483, 108, 'Kadin Breitenberg', 'Ea reprehenderit qui id et deserunt. Eum fugiat qui at dolore dolorem quas. Odio sunt corporis ut dolore cum et et.', 5, '2020-10-12 22:56:04', '2020-10-12 22:56:04'),
(484, 141, 'Jennie Heathcote I', 'Unde aspernatur eius ullam nulla sunt. Accusamus voluptatibus laudantium et velit. Quisquam praesentium quos similique amet optio est in. Aliquam et hic ut quod voluptas reprehenderit culpa.', 1, '2020-10-12 22:56:04', '2020-10-12 22:56:04'),
(485, 118, 'Kylee Torphy', 'Ut aspernatur rerum dolores hic magnam omnis. Eos alias quo eos id aut dignissimos. Minima perspiciatis et amet exercitationem suscipit et libero accusantium.', 4, '2020-10-12 22:56:04', '2020-10-12 22:56:04'),
(486, 103, 'Mr. Dayton Stroman Sr.', 'Dolor et quia amet dolore. Laborum distinctio omnis eius deserunt dolorem. Asperiores qui sint sunt a et.', 4, '2020-10-12 22:56:04', '2020-10-12 22:56:04'),
(487, 131, 'Cristian Hand', 'Optio labore debitis dolores sequi. Libero rerum accusantium pariatur. Possimus aut architecto nihil tenetur iusto qui.', 3, '2020-10-12 22:56:04', '2020-10-12 22:56:04'),
(488, 131, 'Gianni Blanda', 'Sint labore doloribus atque deleniti et nihil. Labore sit non rem consectetur quidem eligendi ipsum. Nam fugiat eaque debitis provident eos. Repudiandae et recusandae eum expedita.', 4, '2020-10-12 22:56:04', '2020-10-12 22:56:04'),
(489, 150, 'Archibald Lubowitz III', 'Id non qui adipisci odio id. Consectetur officia voluptas quae est cum. Asperiores possimus praesentium aliquam.', 0, '2020-10-12 22:56:04', '2020-10-12 22:56:04'),
(490, 109, 'Elvera Kub', 'Eum facere nihil odio non occaecati. Quisquam et reiciendis qui autem. Magni illo ipsa atque magnam. Dolorem nobis molestias voluptas alias ad minima.', 5, '2020-10-12 22:56:04', '2020-10-12 22:56:04'),
(491, 129, 'Dr. Helmer Rempel', 'Est odio eligendi nihil ut nihil sed id. Maiores fuga est quo ratione. Dolor mollitia quasi quos.', 0, '2020-10-12 22:56:04', '2020-10-12 22:56:04'),
(492, 118, 'Mitchel Lueilwitz', 'Laudantium incidunt et error et voluptas quam. Inventore ut accusantium sequi sed dolores a voluptatem. Rem est esse dolores adipisci id corporis.', 3, '2020-10-12 22:56:04', '2020-10-12 22:56:04'),
(493, 143, 'Nikolas Dicki', 'Nostrum asperiores molestiae in dolor. Expedita eaque iusto aliquam dolorem quia autem. Et sunt ea sit praesentium. Ad repudiandae consequatur accusamus dolores maxime dolor.', 5, '2020-10-12 22:56:04', '2020-10-12 22:56:04'),
(494, 135, 'Cassidy Rice', 'Est dolorem quisquam quidem ad autem debitis. Autem ut veritatis facilis libero vitae. Consectetur molestiae similique veniam aliquam perspiciatis aut. Ut rerum sunt ipsum voluptatem ut labore.', 1, '2020-10-12 22:56:04', '2020-10-12 22:56:04'),
(495, 118, 'Shawna Fritsch IV', 'Harum voluptas qui voluptatem. Eligendi nostrum eveniet dolores eum aut odit fugit. Vel possimus laboriosam hic quisquam exercitationem placeat.', 3, '2020-10-12 22:56:04', '2020-10-12 22:56:04'),
(496, 139, 'Vinnie Streich', 'Ex a ratione numquam. Provident placeat consectetur veritatis consequuntur ducimus ut.', 4, '2020-10-12 22:56:04', '2020-10-12 22:56:04'),
(497, 140, 'Aubrey Nienow', 'Consequuntur sunt ut consectetur minus quas excepturi eligendi soluta. Molestiae a quisquam voluptas illum praesentium aspernatur culpa. Aut et sed et minus.', 5, '2020-10-12 22:56:05', '2020-10-12 22:56:05'),
(498, 128, 'Arlene Fritsch', 'Sequi explicabo voluptate et voluptatem nihil excepturi. Ut omnis ut quia molestiae repudiandae ipsa. Necessitatibus veritatis harum illum minima ullam.', 0, '2020-10-12 22:56:05', '2020-10-12 22:56:05'),
(499, 145, 'Halie Cole', 'Nihil sit qui voluptas sed non blanditiis provident. Fuga incidunt ab consectetur iusto quaerat sunt. Iusto libero eaque non repellendus quasi non voluptatibus. Error illum laboriosam harum.', 5, '2020-10-12 22:56:05', '2020-10-12 22:56:05'),
(500, 136, 'Mr. Ken Eichmann DDS', 'Soluta id eius enim enim est. A provident eveniet eos vero temporibus placeat magnam.', 4, '2020-10-12 22:56:05', '2020-10-12 22:56:05'),
(501, 139, 'Ms. Dorothea Johnston', 'Nulla quaerat voluptatem sint minus a animi. Quaerat laudantium doloribus dolore fugiat molestiae alias magnam. Numquam consequatur non mollitia modi nihil porro accusantium aut.', 5, '2020-10-12 22:56:05', '2020-10-12 22:56:05'),
(502, 106, 'Lesley Johnson MD', 'Rerum minima ea consequatur dolores consequatur. Molestiae blanditiis iure vero eos ipsam ipsa. Mollitia ut voluptatem veniam culpa beatae possimus hic. Dolor dolorem odit magnam.', 1, '2020-10-12 22:56:05', '2020-10-12 22:56:05'),
(503, 126, 'Prof. Amber Keeling', 'Et iure quibusdam aspernatur molestiae. Quia voluptatem optio est id aut excepturi ut. At impedit cupiditate assumenda quia quod. Ipsam consectetur quis hic rerum modi.', 2, '2020-10-12 22:56:05', '2020-10-12 22:56:05'),
(504, 141, 'Prof. Johathan Vandervort III', 'Accusantium neque minus eos error. Consequatur suscipit est et repellat. Dolores voluptatibus sint voluptates alias quos quaerat dolorem ducimus.', 3, '2020-10-12 22:56:05', '2020-10-12 22:56:05'),
(505, 125, 'Yessenia Turner', 'Omnis debitis impedit quis itaque nulla aliquam. Eaque et et doloribus ea rem. Odio cupiditate non ut sint nam unde nulla et.', 2, '2020-10-12 22:56:05', '2020-10-12 22:56:05'),
(506, 110, 'Dr. Melany Aufderhar V', 'Veritatis libero dolor at iusto quibusdam similique repellendus. Autem nihil adipisci dicta nostrum sit et fugit. Quas quia aperiam deserunt qui. Repellendus nihil qui harum ea eius quod facere.', 2, '2020-10-12 22:56:05', '2020-10-12 22:56:05'),
(507, 138, 'Keira Pollich', 'Porro eligendi qui temporibus voluptatem. Inventore quam quibusdam qui deserunt et. Id quae nisi qui ratione deserunt. Officia eos consequuntur illo maiores.', 2, '2020-10-12 22:56:05', '2020-10-12 22:56:05'),
(508, 108, 'Roman Schmidt', 'Incidunt et dignissimos natus id aliquid. Impedit similique quaerat eos perspiciatis similique.', 5, '2020-10-12 22:56:05', '2020-10-12 22:56:05'),
(509, 117, 'Miss Josiane Stroman', 'Laboriosam iure est aut est tempore odio. Est mollitia ipsam quasi expedita. Facere nostrum voluptatem dolorem exercitationem velit blanditiis explicabo. Officia ipsum velit voluptas.', 3, '2020-10-12 22:56:05', '2020-10-12 22:56:05'),
(510, 110, 'Ms. Adaline Balistreri II', 'Sint quibusdam quam sed architecto totam quis expedita aspernatur. Rem consectetur qui qui autem in enim. Eius libero occaecati ut. Explicabo hic voluptatum labore tenetur similique rerum quod.', 1, '2020-10-12 22:56:05', '2020-10-12 22:56:05'),
(511, 128, 'Woodrow Hyatt', 'Ut expedita aut facere ex ea. Rerum sed dolore tempore provident et delectus rerum est. Laboriosam voluptatibus cum hic. Et non necessitatibus corrupti numquam enim. Et saepe ullam aut fugit a.', 2, '2020-10-12 22:56:06', '2020-10-12 22:56:06'),
(512, 117, 'Ms. Eudora Gulgowski MD', 'Dicta est temporibus commodi aspernatur quo amet. Ipsam quasi voluptatem perspiciatis. Qui voluptatem reiciendis aut quaerat. Excepturi aut facere labore sunt.', 1, '2020-10-12 22:56:06', '2020-10-12 22:56:06'),
(513, 133, 'Bernita Langosh', 'Sit assumenda omnis aut voluptatem sunt modi. Qui et molestiae laboriosam quis dolorum. Ab assumenda sunt est aliquam perspiciatis molestiae et.', 5, '2020-10-12 22:56:06', '2020-10-12 22:56:06'),
(514, 140, 'Miss Alanis Padberg MD', 'Nisi animi veritatis autem ducimus distinctio debitis recusandae. Minima ea molestiae iste iste enim non cum. Mollitia delectus et laudantium quae placeat vero harum.', 2, '2020-10-12 22:56:06', '2020-10-12 22:56:06'),
(515, 114, 'Nat Lehner', 'Nam in architecto est dolores sequi. Quisquam exercitationem dicta tenetur eaque esse quia. Sit illo corrupti natus est ea repellendus provident velit.', 1, '2020-10-12 22:56:06', '2020-10-12 22:56:06'),
(516, 103, 'Raoul Wiegand', 'Voluptatibus expedita eveniet rerum hic nam magni. Vero voluptatem quas minima perspiciatis. Aut libero ut porro quaerat iure doloremque.', 3, '2020-10-12 22:56:06', '2020-10-12 22:56:06'),
(517, 123, 'Dr. Tanner Walker', 'Voluptas cum nemo dolores. Unde odit non labore amet dicta iure non. Provident porro cupiditate ad consectetur quasi. Velit quo labore deserunt quia.', 2, '2020-10-12 22:56:06', '2020-10-12 22:56:06');
INSERT INTO `reviews` (`id`, `product_id`, `customer`, `review`, `star`, `created_at`, `updated_at`) VALUES
(518, 131, 'Fritz Wilkinson', 'Vitae quae rem et doloremque illo. Animi accusamus deserunt atque labore est quo deserunt. Quis quod ullam adipisci beatae nesciunt eos.', 4, '2020-10-12 22:56:07', '2020-10-12 22:56:07'),
(519, 133, 'Mikayla Yost', 'Repellat harum est modi aut pariatur sit. Iste minima itaque minima. Similique maiores numquam quia.', 4, '2020-10-12 22:56:07', '2020-10-12 22:56:07'),
(520, 145, 'Madelyn Gulgowski Jr.', 'Temporibus assumenda placeat doloribus aut et autem culpa. Animi molestiae aut quia excepturi qui enim ad.', 5, '2020-10-12 22:56:07', '2020-10-12 22:56:07'),
(521, 106, 'Misael Witting', 'Porro in doloribus vel ut ad aliquid. Dolorum enim nihil at ea ex. Deleniti eaque aut qui sint et facere ut. Odio ut ea unde.', 5, '2020-10-12 22:56:07', '2020-10-12 22:56:07'),
(522, 112, 'Isabelle Beer III', 'Assumenda qui aut sed praesentium suscipit. Ea est alias itaque nostrum dolor quae provident quia. Est et molestias eligendi.', 5, '2020-10-12 22:56:07', '2020-10-12 22:56:07'),
(523, 134, 'Marjorie Feeney', 'Quisquam odio exercitationem accusantium nulla. Ratione eos facilis nostrum. Id porro dignissimos veritatis harum quas quis. Consequatur reprehenderit nesciunt excepturi et.', 3, '2020-10-12 22:56:07', '2020-10-12 22:56:07'),
(524, 120, 'Mrs. Margaretta Wintheiser V', 'Asperiores quis ut eius. Est sit nihil iusto est. Libero voluptatem officia culpa rerum harum vel porro. Soluta eligendi minus nihil.', 0, '2020-10-12 22:56:07', '2020-10-12 22:56:07'),
(525, 141, 'Mr. Braeden Kiehn', 'Nostrum ab hic aut. Corrupti perspiciatis maxime et. Amet dignissimos occaecati repudiandae dolore inventore qui. Autem ratione aut unde modi.', 4, '2020-10-12 22:56:07', '2020-10-12 22:56:07'),
(526, 145, 'Grady Donnelly I', 'Unde modi eum totam quia corporis itaque. Debitis voluptatem odit neque harum id voluptate esse reiciendis.', 4, '2020-10-12 22:56:07', '2020-10-12 22:56:07'),
(527, 146, 'Mauricio Halvorson', 'Et earum odit aspernatur non sed dolor accusantium. Eaque aut ea ducimus saepe nemo sequi voluptatem.', 2, '2020-10-12 22:56:08', '2020-10-12 22:56:08'),
(528, 133, 'Marlen Boyer', 'Autem cupiditate accusamus sunt quia pariatur id. Non quidem labore vero rem eos qui aut incidunt.', 4, '2020-10-12 22:56:08', '2020-10-12 22:56:08'),
(529, 140, 'Jaunita Prohaska DDS', 'Quaerat corporis ad et soluta exercitationem accusamus. Omnis hic corrupti est ullam et. Quae qui culpa blanditiis voluptatibus voluptatem tempore explicabo.', 1, '2020-10-12 22:56:08', '2020-10-12 22:56:08'),
(530, 119, 'Nella McCullough', 'Magni sed architecto esse quae doloribus. Et rerum enim at voluptate aut impedit inventore. Deleniti inventore suscipit non rerum. Quibusdam et aperiam et assumenda.', 0, '2020-10-12 22:56:08', '2020-10-12 22:56:08'),
(531, 134, 'Henriette Heller', 'A dolor ipsum voluptatem aperiam. Quod qui quisquam tempore molestiae possimus ea ullam. Omnis atque neque et nesciunt incidunt consequatur sapiente. Quis eligendi qui iure non ut possimus similique.', 4, '2020-10-12 22:56:08', '2020-10-12 22:56:08'),
(532, 114, 'Brandyn Deckow', 'Eaque tempore neque quo et ea quia. Et tempore velit esse blanditiis harum. Ut vel et distinctio deleniti eos. Rem molestias ipsam dolor modi non unde.', 1, '2020-10-12 22:56:08', '2020-10-12 22:56:08'),
(533, 115, 'Shawn Miller', 'Et alias eveniet natus voluptas. Ipsam porro numquam nemo quia. Pariatur ut illum ipsa quis. Rerum aliquam est esse mollitia neque.', 3, '2020-10-12 22:56:08', '2020-10-12 22:56:08'),
(534, 150, 'Carolyne Wolf', 'Dolorem iste nihil esse modi. Corporis sunt laborum quia iusto est doloremque consequatur eligendi. Nisi in enim dolorem ullam aliquam eveniet vel. Ipsa laboriosam provident ipsum corrupti nesciunt.', 4, '2020-10-12 22:56:08', '2020-10-12 22:56:08'),
(535, 111, 'Dr. Garth Greenfelder', 'Autem ducimus voluptatem illum occaecati et. Sunt neque nesciunt voluptates fugit quas illum. Eum quia officiis sit ratione. Et eos ut eum.', 5, '2020-10-12 22:56:08', '2020-10-12 22:56:08'),
(536, 138, 'Prof. Donnie VonRueden', 'Magnam et quidem quibusdam molestias. Provident dicta quibusdam dolorem deleniti labore porro. Reprehenderit labore molestiae ut consequuntur magnam.', 4, '2020-10-12 22:56:08', '2020-10-12 22:56:08'),
(537, 126, 'Delfina Gottlieb II', 'Labore et vel omnis earum est nisi. Asperiores vel tenetur consequatur qui in repellendus eum. Asperiores asperiores aut quos porro. Dolorum asperiores ipsum cupiditate aut.', 1, '2020-10-12 22:56:08', '2020-10-12 22:56:08'),
(538, 101, 'Taurean Vandervort Sr.', 'Eveniet repudiandae cum occaecati praesentium. Natus quisquam autem iure sunt beatae necessitatibus eos animi. Enim autem repudiandae provident nostrum aut ipsam est.', 3, '2020-10-12 22:56:08', '2020-10-12 22:56:08'),
(539, 105, 'Betty Pollich', 'Harum praesentium at voluptatibus. Dolores perferendis minima corporis voluptas iusto voluptate.', 4, '2020-10-12 22:56:08', '2020-10-12 22:56:08'),
(540, 101, 'Florine Brekke', 'Aperiam commodi impedit iure. Voluptatem veniam assumenda distinctio autem. Dicta tempore aliquam et voluptates et optio odit.', 5, '2020-10-12 22:56:08', '2020-10-12 22:56:08'),
(541, 101, 'Marcia Klein', 'Molestias eligendi corrupti et dolorum sapiente quasi laboriosam recusandae. Voluptas voluptate aliquam et eum qui qui alias molestias. Non et eos a commodi at magnam vel.', 1, '2020-10-12 22:56:08', '2020-10-12 22:56:08'),
(542, 117, 'Arthur Torp', 'Aut fugiat magnam impedit pariatur. Alias sed consequuntur sed ea. Amet ab deleniti laboriosam quia velit aut quasi dicta.', 4, '2020-10-12 22:56:08', '2020-10-12 22:56:08'),
(543, 142, 'Elvie Schimmel', 'Autem sint qui reprehenderit quia ut exercitationem id ut. Totam quo doloremque quia est dolor. Et autem soluta optio consectetur provident sequi sed. Et cum nihil voluptatibus eos aut.', 2, '2020-10-12 22:56:08', '2020-10-12 22:56:08'),
(544, 114, 'Felipe Lowe V', 'Laboriosam harum minima quia omnis ut asperiores quam. Vero possimus sint accusantium voluptates accusantium. Quis et accusantium qui harum. Et corporis esse saepe rerum et nihil corrupti vel.', 3, '2020-10-12 22:56:09', '2020-10-12 22:56:09'),
(545, 137, 'Dr. Richie Kunde DVM', 'Maiores consequatur quos ipsum suscipit est modi ad iste. Similique sunt accusamus perspiciatis id ut ducimus. Magni molestias quisquam nesciunt debitis deleniti dolor.', 4, '2020-10-12 22:56:09', '2020-10-12 22:56:09'),
(546, 123, 'Prof. Omer Lindgren DVM', 'Soluta modi et et nihil iure aliquam. Illum esse quia sapiente cumque. Eveniet repellat veritatis nihil dignissimos. Aut pariatur rerum libero corrupti.', 2, '2020-10-12 22:56:09', '2020-10-12 22:56:09'),
(547, 105, 'Mrs. Alysa Kuhlman V', 'Molestiae ut voluptatem consequatur natus saepe delectus dignissimos. Debitis cumque vero ullam beatae at corporis.', 3, '2020-10-12 22:56:09', '2020-10-12 22:56:09'),
(548, 128, 'Rosamond Mosciski DVM', 'Totam non consequatur vel magni est quia. Omnis quia consequatur porro maxime vero. Odit ratione voluptatem voluptatem saepe laudantium eum. Ullam sed deleniti quas.', 2, '2020-10-12 22:56:09', '2020-10-12 22:56:09'),
(549, 135, 'Adrain Ferry', 'Dolorem commodi hic ut aut. Aliquid ab quam aliquid nemo cupiditate. Beatae sed tempore eum quasi provident sed.', 4, '2020-10-12 22:56:09', '2020-10-12 22:56:09'),
(550, 140, 'Demarco Murray', 'Hic soluta facere esse est veritatis et. Labore omnis impedit et maiores est nihil. Hic consequatur placeat incidunt alias quia quia et.', 5, '2020-10-12 22:56:09', '2020-10-12 22:56:09'),
(551, 108, 'Yasmin Gleichner', 'Optio consequatur ad et architecto. Qui error eos numquam ullam. Dolor natus et ab dolores et enim et enim. Consectetur fugiat sunt tempore voluptatem mollitia delectus.', 3, '2020-10-12 22:56:09', '2020-10-12 22:56:09'),
(552, 109, 'Deborah Morar', 'Sed veniam unde consequatur facilis qui possimus nihil. Libero eveniet est iste. Labore temporibus ipsa velit et tempora eum. Quia iste dolorem dolor sed dignissimos architecto aut.', 4, '2020-10-12 22:56:09', '2020-10-12 22:56:09'),
(553, 136, 'Melany Quigley', 'Distinctio quam dolores tempore quia esse laudantium tempore. Iusto dolorum ut rerum aut. Accusantium deserunt ea possimus est odit placeat.', 3, '2020-10-12 22:56:10', '2020-10-12 22:56:10'),
(554, 119, 'Dr. Jackeline Daniel', 'Sit quis quo in eos incidunt fugit. Non vero ratione tempora est eos aspernatur. Aspernatur numquam dolorem fuga neque tempore. Eveniet ratione omnis quia laudantium illo. Ipsa dicta neque et.', 3, '2020-10-12 22:56:10', '2020-10-12 22:56:10'),
(555, 137, 'Scot Wilderman', 'Consequatur minima temporibus rerum fugiat. Doloremque est nihil asperiores incidunt. Ab rem necessitatibus tenetur omnis. Consectetur velit expedita nihil.', 5, '2020-10-12 22:56:10', '2020-10-12 22:56:10'),
(556, 107, 'Cody Spencer', 'Suscipit tempora voluptatem ex ut iure eaque fugit. Perspiciatis iure ut minus minima reprehenderit temporibus odio. Corporis impedit iste quo soluta.', 1, '2020-10-12 22:56:10', '2020-10-12 22:56:10'),
(557, 125, 'Johathan Hauck', 'Aperiam sed quod et repellat nihil at consequatur. Harum a odit velit deleniti. Nihil officiis doloremque nisi minima iste at. Reprehenderit ut qui et possimus.', 5, '2020-10-12 22:56:10', '2020-10-12 22:56:10'),
(558, 146, 'Mr. Fabian Yundt I', 'Voluptatum non ab esse minima. Vitae dolorum fugit quo. Eveniet blanditiis ipsam inventore et et neque. Voluptate ipsum commodi illo praesentium.', 4, '2020-10-12 22:56:10', '2020-10-12 22:56:10'),
(559, 138, 'Samanta Kulas', 'Quia ab repellendus similique. Dolorem laudantium sint quo voluptates voluptatem laudantium aliquid. Pariatur sit cumque totam dolores deserunt doloremque. Dolorum iste non tempora.', 5, '2020-10-12 22:56:10', '2020-10-12 22:56:10'),
(560, 130, 'Gilda Welch', 'Et sit nostrum aut. Totam qui ipsam tempore quo quisquam eligendi tenetur. Soluta culpa aut quisquam autem numquam.', 1, '2020-10-12 22:56:10', '2020-10-12 22:56:10'),
(561, 133, 'Angel Abshire MD', 'Dolorem ut minima eaque adipisci ullam. Sint magnam molestiae ipsum nemo dolorum. Nisi eaque excepturi neque aut ipsa ut. Ipsa quis facere quas non sint.', 2, '2020-10-12 22:56:10', '2020-10-12 22:56:10'),
(562, 111, 'Claudia Mitchell', 'Aut repellendus suscipit et quae quia quibusdam quia. Nam sit occaecati tenetur quos. Amet sequi voluptas non qui qui alias fugit. Optio vero qui optio alias libero. Rerum sed voluptatem adipisci.', 1, '2020-10-12 22:56:10', '2020-10-12 22:56:10'),
(563, 121, 'Rachael Ebert IV', 'Totam omnis voluptatem nihil ab. Omnis laborum minima reprehenderit et. Est odio optio laboriosam est iure pariatur aut. Illum asperiores dolorem facere aliquid.', 5, '2020-10-12 22:56:10', '2020-10-12 22:56:10'),
(564, 101, 'River Zboncak', 'Voluptas iste voluptas omnis natus minus. Non omnis qui amet distinctio culpa expedita sit. Minima reprehenderit est consequatur est.', 0, '2020-10-12 22:56:10', '2020-10-12 22:56:10'),
(565, 139, 'Prof. Gino Halvorson III', 'Expedita minima accusantium quia sit optio dignissimos. Animi quasi est ea possimus aliquid. Quod sit tenetur ea ea. Et qui aut quia qui deleniti officiis.', 4, '2020-10-12 22:56:10', '2020-10-12 22:56:10'),
(566, 122, 'Rubie Aufderhar IV', 'Ut id quo dolores et distinctio. Optio provident veritatis aut sint. Et aut explicabo repudiandae unde aut aut laboriosam atque. Eos aliquam est iure debitis.', 4, '2020-10-12 22:56:11', '2020-10-12 22:56:11'),
(567, 106, 'Lane Collins', 'Eveniet qui quis eligendi iste modi cumque omnis ab. Libero tempore et vel. Omnis sed quae voluptates quas consequatur occaecati.', 5, '2020-10-12 22:56:11', '2020-10-12 22:56:11'),
(568, 119, 'Milan Hills', 'Est fuga sit eveniet sed eligendi dolorem et. Id voluptas aperiam in perspiciatis et. Molestiae suscipit deserunt quas et sit omnis.', 0, '2020-10-12 22:56:11', '2020-10-12 22:56:11'),
(569, 143, 'Kendrick Roberts', 'Suscipit earum non quae inventore. Amet sunt sint in iure ea. Velit explicabo deleniti quae qui iure.', 5, '2020-10-12 22:56:11', '2020-10-12 22:56:11'),
(570, 121, 'Teresa Crooks Sr.', 'Ab aut porro vitae. Omnis voluptates molestiae cum magnam. Vero ut exercitationem ut nulla pariatur. Sint iusto vel fugiat et perspiciatis delectus ratione ut.', 4, '2020-10-12 22:56:11', '2020-10-12 22:56:11'),
(571, 112, 'Rashad Hickle', 'Delectus soluta labore deleniti enim alias voluptate. Veniam consequatur doloremque ullam. Doloribus sed totam exercitationem voluptates ullam error inventore. Voluptate ab sint quae.', 1, '2020-10-12 22:56:11', '2020-10-12 22:56:11'),
(572, 125, 'Prof. Clemens Wolff DVM', 'Ut veniam aut maxime rerum quo est. Veniam adipisci eius alias iure sunt cupiditate illum. Id temporibus tenetur earum qui voluptatum dicta.', 2, '2020-10-12 22:56:11', '2020-10-12 22:56:11'),
(573, 101, 'Hazle Collins', 'Quis officiis eius unde impedit labore aut non. Non harum similique at omnis mollitia optio. Voluptas officiis tempore asperiores deserunt et. Sit neque quos sapiente itaque incidunt natus dolor.', 3, '2020-10-12 22:56:11', '2020-10-12 22:56:11'),
(574, 127, 'Mr. Tatum Hudson', 'Ullam hic beatae perferendis rerum explicabo. Et error maiores fugit ducimus dolores. Ducimus laboriosam odit error quia itaque.', 3, '2020-10-12 22:56:11', '2020-10-12 22:56:11'),
(575, 102, 'Alvera Bailey', 'Nemo libero et ipsam quo in perferendis a. Reprehenderit velit ut delectus alias iusto dicta. Porro voluptas minima exercitationem nemo unde. Temporibus nam sunt et ut minus.', 0, '2020-10-12 22:56:11', '2020-10-12 22:56:11'),
(576, 134, 'Shaina Carter PhD', 'Quaerat enim corrupti rem accusantium cumque dolore sequi. Corporis sit id recusandae quos quod. Veniam enim ullam quo quasi aspernatur ratione.', 3, '2020-10-12 22:56:11', '2020-10-12 22:56:11'),
(577, 133, 'Maynard Watsica', 'Aut ut at modi impedit magni. Minima quibusdam alias quia optio. Nihil est nulla autem suscipit molestiae cumque repellat officiis. Cupiditate et accusantium exercitationem sed labore.', 1, '2020-10-12 22:56:11', '2020-10-12 22:56:11'),
(578, 117, 'Murl Kessler', 'Tempora adipisci voluptatibus quisquam quam autem impedit quis. Est molestiae iure eum iure in molestiae. Repellendus totam at commodi quam illum. Consequatur delectus id totam incidunt culpa.', 0, '2020-10-12 22:56:11', '2020-10-12 22:56:11'),
(579, 121, 'Keanu Nienow', 'Autem dignissimos eveniet fugiat excepturi qui et iure. Eum voluptatem odio magni omnis commodi ratione. Impedit nostrum voluptatem repudiandae quasi blanditiis.', 2, '2020-10-12 22:56:11', '2020-10-12 22:56:11'),
(580, 119, 'Weldon Prohaska', 'Ab aliquam in ea. Consequatur sit iusto harum voluptates illum. Quia totam ex necessitatibus aut et autem tempora. Expedita voluptate rerum ipsam ad libero.', 4, '2020-10-12 22:56:12', '2020-10-12 22:56:12'),
(581, 110, 'Nestor Goyette', 'Est iure ipsam ea non. Qui molestiae repudiandae libero in in eum deserunt. Fugit consequatur hic necessitatibus corporis nam sapiente. Magnam voluptatibus in aspernatur et.', 1, '2020-10-12 22:56:12', '2020-10-12 22:56:12'),
(582, 140, 'Emilio Conroy', 'Quam cum qui voluptatem et perferendis. Accusamus dolorem deserunt pariatur aut occaecati voluptates quia. Aut quis ad maxime sunt sunt cumque.', 5, '2020-10-12 22:56:12', '2020-10-12 22:56:12'),
(583, 146, 'Prof. Garry Abbott V', 'Voluptatem sapiente iste harum nesciunt. Qui laboriosam omnis modi autem eveniet qui illum. Necessitatibus nam omnis maiores quis delectus nulla vel. Omnis voluptate dolores et iste minus et eum.', 0, '2020-10-12 22:56:12', '2020-10-12 22:56:12'),
(584, 135, 'Lizeth Reichel', 'Dolor et ea porro omnis excepturi. Blanditiis quo ut quia voluptatibus blanditiis amet est. Molestiae est rem provident dolor odio. Est laboriosam dolores dolor rem laudantium velit.', 0, '2020-10-12 22:56:12', '2020-10-12 22:56:12'),
(585, 132, 'Eliane Stamm', 'Ipsa perferendis enim quae ut laboriosam porro aut. Ipsa asperiores adipisci et est nemo aut. In molestias nihil adipisci sit provident.', 3, '2020-10-12 22:56:12', '2020-10-12 22:56:12'),
(586, 119, 'Miss Johanna Rodriguez', 'Ut aut vitae tempora omnis vel. Est eaque ut maxime. Consequatur consequatur aliquam quia. Voluptatibus neque sint excepturi magnam.', 3, '2020-10-12 22:56:12', '2020-10-12 22:56:12'),
(587, 115, 'Rhoda Hackett', 'Rerum qui saepe est ut. Soluta veritatis nihil qui aperiam doloremque nostrum. Reiciendis harum a et ad aspernatur.', 5, '2020-10-12 22:56:12', '2020-10-12 22:56:12'),
(588, 132, 'Clyde Murphy', 'Dolorem sunt placeat sit. Ut aut et repellendus eum pariatur. Qui atque ducimus delectus earum.', 5, '2020-10-12 22:56:12', '2020-10-12 22:56:12'),
(589, 125, 'Elbert Berge', 'Nulla placeat molestias veniam illum quia possimus. Ex voluptas quae asperiores vero et distinctio asperiores. Eos a iste qui enim.', 3, '2020-10-12 22:56:12', '2020-10-12 22:56:12'),
(590, 148, 'Wilfred Wisoky', 'Non optio quia nostrum quia pariatur. Aperiam in saepe neque illo nihil. Occaecati et quia inventore quod modi.', 5, '2020-10-12 22:56:13', '2020-10-12 22:56:13'),
(591, 125, 'Guiseppe Grimes', 'Enim aliquam illum quod quod reiciendis fugiat tenetur. Qui et voluptatem nesciunt aliquid. Impedit voluptas voluptas occaecati placeat quia.', 0, '2020-10-12 22:56:13', '2020-10-12 22:56:13'),
(592, 103, 'Dr. Wayne Langworth DVM', 'Quaerat reprehenderit optio enim cupiditate. Sit repellendus nostrum doloribus fugiat.', 5, '2020-10-12 22:56:13', '2020-10-12 22:56:13'),
(593, 128, 'Kayden Steuber DVM', 'Vel tempora repudiandae quasi. Occaecati quia ea non quas qui est molestiae ut. Officia vero aut ullam ex omnis fuga rerum cum. Natus nulla doloremque qui quaerat. Autem aut voluptatem ullam alias.', 3, '2020-10-12 22:56:13', '2020-10-12 22:56:13'),
(594, 106, 'Prof. Jeffry Borer', 'Molestiae consequatur incidunt quos ipsum nihil ut. Sit libero aut ut qui exercitationem qui. Et et incidunt enim. Inventore aut iure consequatur dolorem.', 0, '2020-10-12 22:56:13', '2020-10-12 22:56:13'),
(595, 142, 'Guiseppe Brakus', 'Qui in neque repudiandae. Ab molestias quisquam enim voluptatem totam nostrum. Qui sint qui necessitatibus.', 2, '2020-10-12 22:56:13', '2020-10-12 22:56:13'),
(596, 107, 'Jazmin Ortiz MD', 'Et tempore corporis est. Id dicta voluptatum vero earum autem quia. Voluptatem porro sunt nam voluptatem aut sed aliquam occaecati.', 4, '2020-10-12 22:56:13', '2020-10-12 22:56:13'),
(597, 130, 'Dr. Nathanael Wisoky', 'Quas aut provident repellat et sapiente ea nemo. Quos modi ex delectus quo autem necessitatibus illum. Tempore tempore molestias ea est officiis.', 4, '2020-10-12 22:56:13', '2020-10-12 22:56:13'),
(598, 126, 'Al Wintheiser', 'Dicta cumque quaerat odit ab ad. Doloremque modi ea quia aliquam fugit. Eaque et labore aut incidunt ut.', 0, '2020-10-12 22:56:13', '2020-10-12 22:56:13'),
(599, 150, 'Irwin Hettinger', 'Voluptate quaerat velit itaque et. Quia quo ullam et voluptas inventore eum a. Voluptas qui rerum a sint.', 5, '2020-10-12 22:56:13', '2020-10-12 22:56:13'),
(600, 126, 'Colton Breitenberg', 'Sint laborum voluptatem tenetur et unde. Dolorem saepe nemo minima deleniti. Sed nobis repellat repudiandae vitae. Deleniti quia recusandae quis vero temporibus placeat.', 2, '2020-10-12 22:56:13', '2020-10-12 22:56:13');

-- --------------------------------------------------------

--
-- Table structure for table `users`
--

CREATE TABLE `users` (
  `id` bigint(20) UNSIGNED NOT NULL,
  `name` varchar(255) COLLATE utf8mb4_unicode_ci NOT NULL,
  `email` varchar(255) COLLATE utf8mb4_unicode_ci NOT NULL,
  `email_verified_at` timestamp NULL DEFAULT NULL,
  `password` varchar(255) COLLATE utf8mb4_unicode_ci NOT NULL,
  `remember_token` varchar(100) COLLATE utf8mb4_unicode_ci DEFAULT NULL,
  `created_at` timestamp NULL DEFAULT NULL,
  `updated_at` timestamp NULL DEFAULT NULL
) ENGINE=InnoDB DEFAULT CHARSET=utf8mb4 COLLATE=utf8mb4_unicode_ci;

--
-- Indexes for dumped tables
--

--
-- Indexes for table `failed_jobs`
--
ALTER TABLE `failed_jobs`
  ADD PRIMARY KEY (`id`),
  ADD UNIQUE KEY `failed_jobs_uuid_unique` (`uuid`);

--
-- Indexes for table `migrations`
--
ALTER TABLE `migrations`
  ADD PRIMARY KEY (`id`);

--
-- Indexes for table `password_resets`
--
ALTER TABLE `password_resets`
  ADD KEY `password_resets_email_index` (`email`);

--
-- Indexes for table `products`
--
ALTER TABLE `products`
  ADD PRIMARY KEY (`id`);

--
-- Indexes for table `reviews`
--
ALTER TABLE `reviews`
  ADD PRIMARY KEY (`id`),
  ADD KEY `reviews_product_id_index` (`product_id`);

--
-- Indexes for table `users`
--
ALTER TABLE `users`
  ADD PRIMARY KEY (`id`),
  ADD UNIQUE KEY `users_email_unique` (`email`);

--
-- AUTO_INCREMENT for dumped tables
--

--
-- AUTO_INCREMENT for table `failed_jobs`
--
ALTER TABLE `failed_jobs`
  MODIFY `id` bigint(20) UNSIGNED NOT NULL AUTO_INCREMENT;

--
-- AUTO_INCREMENT for table `migrations`
--
ALTER TABLE `migrations`
  MODIFY `id` int(10) UNSIGNED NOT NULL AUTO_INCREMENT, AUTO_INCREMENT=6;

--
-- AUTO_INCREMENT for table `products`
--
ALTER TABLE `products`
  MODIFY `id` int(10) UNSIGNED NOT NULL AUTO_INCREMENT, AUTO_INCREMENT=151;

--
-- AUTO_INCREMENT for table `reviews`
--
ALTER TABLE `reviews`
  MODIFY `id` int(10) UNSIGNED NOT NULL AUTO_INCREMENT, AUTO_INCREMENT=601;

--
-- AUTO_INCREMENT for table `users`
--
ALTER TABLE `users`
  MODIFY `id` bigint(20) UNSIGNED NOT NULL AUTO_INCREMENT;

--
-- Constraints for dumped tables
--

--
-- Constraints for table `reviews`
--
ALTER TABLE `reviews`
  ADD CONSTRAINT `reviews_product_id_foreign` FOREIGN KEY (`product_id`) REFERENCES `products` (`id`) ON DELETE CASCADE;
COMMIT;

/*!40101 SET CHARACTER_SET_CLIENT=@OLD_CHARACTER_SET_CLIENT */;
/*!40101 SET CHARACTER_SET_RESULTS=@OLD_CHARACTER_SET_RESULTS */;
/*!40101 SET COLLATION_CONNECTION=@OLD_COLLATION_CONNECTION */;
